ssdl:pid,ssdl:holdingArchive
1850-Missou-EMU,Pitts Theology Library
1850-Missou-EMU,Pitts Theology Library
1852-Collec-EMU,Pitts Theology Library
1852-Peters-EMU,Pitts Theology Library
1852-Reviva-EMU,Pitts Theology Library
1853-Temple-EMU,Pitts Theology Library
1853-Wester-EMU,Pitts Theology Library
1885-Gospel-EMU,Pitts Theology Library
1855-Sacred-EMU,Pitts Theology Library
1855-Vocalm-EMU,Pitts Theology Library
1857-Hymnss-EMU,Pitts Theology Library
1857-Kirche-EMU,Pitts Theology Library
1858-Sacred-EMU,Pitts Theology Library
1859-Songso-EMU,Pitts Theology Library
1859-Southe-EMU,Pitts Theology Library
1859-Wesley-EMU,Pitts Theology Library
1860-Evange-EMU,Pitts Theology Library
1860-Hymnis-EMU,Pitts Theology Library
1860-Oriola-EMU,Pitts Theology Library
1860-Unionh-EMU,Pitts Theology Library
1861-Psalms-EMU,Pitts Theology Library
1869-Specim-EMU,Pitts Theology Library
1862-Hymnsf-EMU,Pitts Theology Library
1864-Confed-EMU,Pitts Theology Library
1865-Musica-EMU,Pitts Theology Library
1867-Golden-EMU,Pitts Theology Library
1867-Violet-EMU,Pitts Theology Library
1868-Chapel-EMU,Pitts Theology Library
1868-Eclect-EMU,Pitts Theology Library
1868-Hymnsa-EMU,Pitts Theology Library
1868-School-EMU,Pitts Theology Library
1868-Shinin-EMU,Pitts Theology Library
1869-Songsf-EMU,Pitts Theology Library
1871-Christ-EMU,Pitts Theology Library
1871-Kindwo-EMU,Pitts Theology Library
1872-Harfen-EMU,Pitts Theology Library
1872-Newhar-EMU,Pitts Theology Library
1873-Fruits-EMU,Pitts Theology Library
1873-Hymnsf-EMU,Pitts Theology Library
1873-Songsf-EMU,Pitts Theology Library
1874-Bookof-EMU,Pitts Theology Library
1874-Contri-EMU,Pitts Theology Library
1874-Everys-EMU,Pitts Theology Library
1874-Golden-EMU,Pitts Theology Library
1874-Palmof-EMU,Pitts Theology Library
1876-Bibles-EMU,Pitts Theology Library
1875-Devoti-EMU,Pitts Theology Library
1875-Gospel-EMU,Pitts Theology Library
1876-Melodi-EMU,Pitts Theology Library
1876-Storyo-EMU,Pitts Theology Library
1877-Jasper-EMU,Pitts Theology Library
1877-Mornin-EMU,Pitts Theology Library
1877-Newmel-EMU,Pitts Theology Library
1878-Golden-EMU,Pitts Theology Library
1878-Gospe1-EMU,Pitts Theology Library
1878-Gospe2-EMU,Pitts Theology Library
1878-Helpin-EMU,Pitts Theology Library
1878-Hymnal-EMU,Pitts Theology Library
1878-Lastwo-EMU,Pitts Theology Library
1878-Revivi-EMU,Pitts Theology Library
1878-Tiding-EMU,Pitts Theology Library
1879-Bapti2-EMU,Pitts Theology Library
1879-Primit-EMU,Pitts Theology Library
1879-Sacred-EMU,Pitts Theology Library
1879-Songvi-EMU,Pitts Theology Library
1879-Wreath-EMU,Pitts Theology Library
1880-Childr-EMU,Pitts Theology Library
1880-Hymnsx-EMU,Pitts Theology Library
1880-Joyand-EMU,Pitts Theology Library
1880-Newhy1-EMU,Pitts Theology Library
1880-Newhy2-EMU,Pitts Theology Library
1880-Songse-EMU,Pitts Theology Library
1912-Tribut-EMU,Pitts Theology Library
1881-Evange-EMU,Pitts Theology Library
1881-Himnar-EMU,Pitts Theology Library
1881-Redeem-EMU,Pitts Theology Library
1881-Twilig-EMU,Pitts Theology Library
1882-Gracea-EMU,Pitts Theology Library
1882-Juveni-EMU,Pitts Theology Library
1882-NewChr-EMU,Pitts Theology Library
1882-Psalms-EMU,Pitts Theology Library
1882-Realmo-EMU,Pitts Theology Library
1882-Singin-EMU,Pitts Theology Library
1883-Better-EMU,Pitts Theology Library
1883-Bookof-EMU,Pitts Theology Library
1883-Duplex-EMU,Pitts Theology Library
1883-Holyvo-EMU,Pitts Theology Library
1883-Lovean-EMU,Pitts Theology Library
1883-Purede-EMU,Pitts Theology Library
1883-Select-EMU,Pitts Theology Library
1883-Shaker-EMU,Pitts Theology Library
1883-Songso-EMU,Pitts Theology Library
1883-Teache-EMU,Pitts Theology Library
1883-Triune-EMU,Pitts Theology Library
1883-Voiceo-EMU,Pitts Theology Library
1884-Congre-EMU,Pitts Theology Library
1884-Consol-EMU,Pitts Theology Library
1884-Everla-EMU,Pitts Theology Library
1884-Gospel-EMU,Pitts Theology Library
1884-Gratef-EMU,Pitts Theology Library
1884-Harves-EMU,Pitts Theology Library
1884-Hymnbo-EMU,Pitts Theology Library
1884-Jesus1-EMU,Pitts Theology Library
1884-Ourson-EMU,Pitts Theology Library
1884-Praise-EMU,Pitts Theology Library
1884-Sabbat-EMU,Pitts Theology Library
1884-Temple-EMU,Pitts Theology Library
1885-Freshf-EMU,Pitts Theology Library
1885-Golden-EMU,Pitts Theology Library
1885-Holyma-EMU,Pitts Theology Library
1885-Lofzan-EMU,Pitts Theology Library
1885-Popula-EMU,Pitts Theology Library
1885-Revise-EMU,Pitts Theology Library
1885-Zionso-EMU,Pitts Theology Library
1886-Carols-EMU,Pitts Theology Library
1886-Childr-EMU,Pitts Theology Library
1890-Gospel-EMU,Pitts Theology Library
1886-Greata-EMU,Pitts Theology Library
1886-Joyand-EMU,Pitts Theology Library
1886-Newli1-EMU,Pitts Theology Library
1886-Stream-EMU,Pitts Theology Library
1887-Songs1-EMU,Pitts Theology Library
1887-Songs2-EMU,Pitts Theology Library
1888-Gesang-EMU,Hunt & Eaton
1888-Hymnst-EMU,Pitts Theology Library
1888-Ournew-EMU,Pitts Theology Library
1888-Royalp-EMU,Pitts Theology Library
1888-Sabbat-EMU,Pitts Theology Library
1888-Songso-EMU,Pitts Theology Library
1892-Standa-EMU,Pitts Theology Library
1889-Budsan-EMU,Pitts Theology Library
1889-Christ-EMU,Pitts Theology Library
1889-Cumber-EMU,Pitts Theology Library
1889-Easte1-EMU,Pitts Theology Library
1889-Evange-EMU,Pitts Theology Library
1889-Gospel-EMU,Pitts Theology Library
1889-Hymnan-EMU,Pitts Theology Library
1889-Hymnsf-EMU,Pitts Theology Library
1889-Missio-EMU,Pitts Theology Library
1889-Newvoi-EMU,Pitts Theology Library
1889-Ourhym-EMU,Pitts Theology Library
1889-Sacred-EMU,Pitts Theology Library
1889-Songge-EMU,Pitts Theology Library
1889-Window-EMU,Pitts Theology Library
188x-Songso-EMU,Pitts Theology Library
1890-Christ-EMU,Pitts Theology Library
1890-Mornin-EMU,Pitts Theology Library
1890-Pureso-EMU,Pitts Theology Library
1892-Reviva-EMU,Pitts Theology Library
1890-YMCAgo-EMU,Pitts Theology Library
1891-Bright-EMU,Pitts Theology Library
1891-Select-EMU,Pitts Theology Library
1891-Servic-EMU,Pitts Theology Library
1891-Songsf-EMU,Pitts Theology Library
1891-Soothi-EMU,Pitts Theology Library
1892-Gabrie-EMU,Pitts Theology Library
1892-Songso-EMU,Pitts Theology Library
1892-Womans-EMU,Pitts Theology Library
1892-Wordso-EMU,Pitts Theology Library
1893-Epwort-EMU,Pitts Theology Library
1893-Harpof-EMU,Pitts Theology Library
1893-Hearts-EMU,Pitts Theology Library
1893-Hymnso-EMU,Pitts Theology Library
1893-Inhisn-EMU,Pitts Theology Library
1893-Lifean-EMU,Pitts Theology Library
1893-McInto-EMU,Pitts Theology Library
1893-Messen-EMU,Pitts Theology Library
1893-Musicf-EMU,Pitts Theology Library
1893-Psalms-EMU,Pitts Theology Library
1894-Blosso-EMU,Pitts Theology Library
1894-Bright-EMU,Pitts Theology Library
1894-Crowni-EMU,Pitts Theology Library
1894-Lifean-EMU,Pitts Theology Library
1894-Reviva-EMU,Pitts Theology Library
1894-Select-EMU,Pitts Theology Library
1895-Chris1-EMU,Pitts Theology Library
1895-Glowin-EMU,Pitts Theology Library
1895-Gospe1-EMU,Pitts Theology Library
1895-Gospe2-EMU,Pitts Theology Library
1897-Nation-EMU,Pitts Theology Library
1897-Little-EMU,Pitts Theology Library
1897-Wonder-EMU,Pitts Theology Library
1898-Fillmo-EMU,Pitts Theology Library
1899-Fillmo-EMU,Pitts Theology Library
1898-Gospel-EMU,Pitts Theology Library
1898-Happyv-EMU,Pitts Theology Library
1898-Hymnbo-EMU,Pitts Theology Library
190x-Missio-EMU,Pitts Theology Library
1855-Liturg-BRU,
1859-Sacred-BRU,
1861-Contra-BRU,
1864-Lieder-BRU,
1864-Singvo-BRU,
1872-Happym-BRU,
1874-Songso-BRU,
1875-Songfr-BRU,
1888-Reviva-BRU,
1893-Collec-BRU,
1897-Spirit-BRU,
18xx-Funera-BRU,
1903-Fillmo-BRU,
1904-Worldf-BRU,
1908-Concor-BRU,
1911-Golden-BRU,Brown University. Library
1911-Mostpo-BRU,
1912-Messen-BRU,
1912-Oldtim-BRU,
1912-Somecu-BRU,
1918-Darkey-BRU,
1918-Negros-BRU,
1918-Oldmel-BRU,
1920-Baptis-BRU,
1923-Ohthel-BRU,
1923-Spirit-BRU,Brown University. Library
1924-Deepri-BRU,
1924-Wereyo-BRU,
1925-OLordI-BRU,
1925-TenNeg-BRU,Brown University. Library
1850-Baptis-EMU,Pitts Theology Library
190x-Nation-MTS,Middle Tennessee State University. Center for Popular Music
19xx-Tobacc-MTS,Middle Tennessee State University. Center for Popular Music
19xx-Godlea-MTS,Middle Tennessee State University. Center for Popular Music
1932-Fortys-MTS,Middle Tennessee State University. Center for Popular Music
192x-Gospel-MTS,Middle Tennessee State University. Center for Popular Music
1928-Sparkl-MTS,Middle Tennessee State University. Center for Popular Music
1928-Heaven-MTS,Middle Tennessee State University. Center for Popular Music
1925-Womens-MTS,Middle Tennessee State University. Center for Popular Music
1925-Winnin-MTS,Middle Tennessee State University. Center for Popular Music
1925-Songs2-MTS,Middle Tennessee State University. Center for Popular Music
1925-Songs1-MTS,Middle Tennessee State University. Center for Popular Music
1925-Signal-MTS,Middle Tennessee State University. Center for Popular Music
1926-Scelta-MTS,Middle Tennessee State University. Center for Popular Music
1925-Musikl-MTS,Middle Tennessee State University. Center for Popular Music
1925-Master-MTS,Middle Tennessee State University. Center for Popular Music
1925-Living-MTS,Middle Tennessee State University. Center for Popular Music
1925-Joybe2-MTS,Middle Tennessee State University. Center for Popular Music
1925-Joybe1-MTS,Middle Tennessee State University. Center for Popular Music
1925-Jehova-MTS,Middle Tennessee State University. Center for Popular Music
1925-Instit-MTS,Middle Tennessee State University. Center for Popular Music
1925-Heaven-MTS,Middle Tennessee State University. Center for Popular Music
1925-Harbor-MTS,Middle Tennessee State University. Center for Popular Music
1925-Aframe-MTS,Middle Tennessee State University. Center for Popular Music
1924-Wonder-MTS,Middle Tennessee State University. Center for Popular Music
1924-Songsf-MTS,Middle Tennessee State University. Center for Popular Music
1924-Livin2-MTS,Middle Tennessee State University. Center for Popular Music
1924-Livin1-MTS,Middle Tennessee State University. Center for Popular Music
1924-Joytot-MTS,Middle Tennessee State University. Center for Popular Music
1924-Hisvoi-MTS,Middle Tennessee State University. Center for Popular Music
1924-Herald-MTS,Middle Tennessee State University. Center for Popular Music
1924-Heave2-MTS,Middle Tennessee State University. Center for Popular Music
1924-Heave1-MTS,Middle Tennessee State University. Center for Popular Music
1924-Gospel-MTS,Middle Tennessee State University. Center for Popular Music
1924-Easter-MTS,Middle Tennessee State University. Center for Popular Music
1924-Collec-MTS,Middle Tennessee State University. Center for Popular Music
1924-Christ-MTS,Middle Tennessee State University. Center for Popular Music
1924-Allfor-MTS,Middle Tennessee State University. Center for Popular Music
1923-Songla-MTS,Middle Tennessee State University. Center for Popular Music
1923-Select-MTS,Middle Tennessee State University. Center for Popular Music
1923-Newmel-MTS,Middle Tennessee State University. Center for Popular Music
1923-Kingof-MTS,Middle Tennessee State University. Center for Popular Music
1923-Junior-MTS,Middle Tennessee State University. Center for Popular Music
1923-Callch-MTS,Middle Tennessee State University. Center for Popular Music
1923-Awaken-MTS,Middle Tennessee State University. Center for Popular Music
1922-Songso-MTS,Middle Tennessee State University. Center for Popular Music
1922-Revive-MTS,Middle Tennessee State University. Center for Popular Music
1922-Ninety-MTS,Middle Tennessee State University. Center for Popular Music
1922-Hymnsw-MTS,Middle Tennessee State University. Center for Popular Music
1922-Hallel-MTS,Middle Tennessee State University. Center for Popular Music
1922-Glorys-MTS,Middle Tennessee State University. Center for Popular Music
1922-Beulah-MTS,Middle Tennessee State University. Center for Popular Music
1927-Vaugha-MTS,Middle Tennessee State University. Center for Popular Music
1921-Songsf-MTS,Middle Tennessee State University. Center for Popular Music
1921-Reviva-MTS,Middle Tennessee State University. Center for Popular Music
1921-Musict-MTS,Middle Tennessee State University. Center for Popular Music
1921-Glorye-MTS,Middle Tennessee State University. Center for Popular Music
1921-Glorio-MTS,Middle Tennessee State University. Center for Popular Music
1921-Elmhur-MTS,Middle Tennessee State University. Center for Popular Music
1921-Alexan-MTS,Middle Tennessee State University. Center for Popular Music
1920-Songs3-MTS,Middle Tennessee State University. Center for Popular Music
1920-Songs1-MTS,Middle Tennessee State University. Center for Popular Music
1920-Songan-MTS,Middle Tennessee State University. Center for Popular Music
1920-Practi-MTS,Middle Tennessee State University. Center for Popular Music
1920-Newper-MTS,Middle Tennessee State University. Center for Popular Music
1920-Highwa-MTS,Middle Tennessee State University. Center for Popular Music
1920-Heaven-MTS,Middle Tennessee State University. Center for Popular Music
1918-Harves-MTS,Middle Tennessee State University. Center for Popular Music
1920-Evange-MTS,Middle Tennessee State University. Center for Popular Music
1920-Bellso-MTS,Middle Tennessee State University. Center for Popular Music
1919-Trutha-MTS,Middle Tennessee State University. Center for Popular Music
1919-Songso-MTS,Middle Tennessee State University. Center for Popular Music
1919-Crowns-MTS,Middle Tennessee State University. Center for Popular Music
1919-Carols-MTS,Middle Tennessee State University. Center for Popular Music
1914-Victor-MTS,Middle Tennessee State University. Center for Popular Music
1918-Towner-MTS,Middle Tennessee State University. Center for Popular Music
1919-Shinin-MTS,Middle Tennessee State University. Center for Popular Music
1918-Reviv2-MTS,Middle Tennessee State University. Center for Popular Music
1918-Reviv1-MTS,Middle Tennessee State University. Center for Popular Music
1918-Planta-MTS,Middle Tennessee State University. Center for Popular Music
1918-Heaven-MTS,Middle Tennessee State University. Center for Popular Music
1918-Gladne-MTS,Middle Tennessee State University. Center for Popular Music
1918-Beauti-MTS,Middle Tennessee State University. Center for Popular Music
1917-Servic-MTS,Middle Tennessee State University. Center for Popular Music
1917-Praise-MTS,Middle Tennessee State University. Center for Popular Music
1917-Nearth-MTS,Middle Tennessee State University. Center for Popular Music
1917-Modern-MTS,Middle Tennessee State University. Center for Popular Music
1917-Guidin-MTS,Middle Tennessee State University. Center for Popular Music
1917-Glorye-MTS,Middle Tennessee State University. Center for Popular Music
1917-Garden-MTS,Middle Tennessee State University. Center for Popular Music
1917-Eureka-MTS,Middle Tennessee State University. Center for Popular Music
1916-Praise-MTS,Middle Tennessee State University. Center for Popular Music
1916-Gleane-MTS,Middle Tennessee State University. Center for Popular Music
1916-Gladne-MTS,Middle Tennessee State University. Center for Popular Music
1915-Soulwi-MTS,Middle Tennessee State University. Center for Popular Music
1915-Songso-MTS,Middle Tennessee State University. Center for Popular Music
1915-Immanu-MTS,Middle Tennessee State University. Center for Popular Music
1915-Heaven-MTS,Middle Tennessee State University. Center for Popular Music
1915-HamRam-MTS,Middle Tennessee State University. Center for Popular Music
1915-Carolc-MTS,Middle Tennessee State University. Center for Popular Music
1914-Tenles-MTS,Middle Tennessee State University. Center for Popular Music
1914-Praise-MTS,Middle Tennessee State University. Center for Popular Music
1914-Perenn-MTS,Middle Tennessee State University. Center for Popular Music
1914-Eureka-MTS,Middle Tennessee State University. Center for Popular Music
1913-Worlde-MTS,Middle Tennessee State University. Center for Popular Music
1913-Redemp-MTS,Middle Tennessee State University. Center for Popular Music
1913-Planta-MTS,Middle Tennessee State University. Center for Popular Music
1913-Newson-MTS,Middle Tennessee State University. Center for Popular Music
1913-Gospel-MTS,Middle Tennessee State University. Center for Popular Music
1912-Window-MTS,Middle Tennessee State University. Center for Popular Music
1912-Sunnys-MTS,Middle Tennessee State University. Center for Popular Music
1912-Songso-MTS,Middle Tennessee State University. Center for Popular Music
1912-Songan-MTS,Middle Tennessee State University. Center for Popular Music
1912-Newrev-MTS,Middle Tennessee State University. Center for Popular Music
1912-Harpof-MTS,Middle Tennessee State University. Center for Popular Music
1912-Eureka-MTS,Middle Tennessee State University. Center for Popular Music
1912-Alexan-MTS,Middle Tennessee State University. Center for Popular Music
190x-Vaugha-MTS,Middle Tennessee State University. Center for Popular Music
1911-Songso-MTS,Middle Tennessee State University. Center for Popular Music
1911-Quarte-MTS,Middle Tennessee State University. Center for Popular Music
1911-Jewels-MTS,Middle Tennessee State University. Center for Popular Music
1911-Crowni-MTS,Middle Tennessee State University. Center for Popular Music
1910-Voices-MTS,Middle Tennessee State University. Center for Popular Music
1913-Happyv-MTS,Middle Tennessee State University. Center for Popular Music
1909-Window-MTS,Middle Tennessee State University. Center for Popular Music
1909-Newonw-MTS,Middle Tennessee State University. Center for Popular Music
1909-Evange-MTS,Middle Tennessee State University. Center for Popular Music
1909-Cumber-MTS,Middle Tennessee State University. Center for Popular Music
1908-Twelft-MTS,Middle Tennessee State University. Center for Popular Music
1908-Songso-MTS,Middle Tennessee State University. Center for Popular Music
1908-Gesang-MTS,Middle Tennessee State University. Center for Popular Music
1907-Select-MTS,Middle Tennessee State University. Center for Popular Music
1907-Pilger-MTS,Middle Tennessee State University. Center for Popular Music
1907-Patton-MTS,Middle Tennessee State University. Center for Popular Music
1907-Organo-MTS,Middle Tennessee State University. Center for Popular Music
1907-Happyd-MTS,Middle Tennessee State University. Center for Popular Music
1907-Bestof-MTS,Middle Tennessee State University. Center for Popular Music
1906-Starof-MTS,Middle Tennessee State University. Center for Popular Music
1906-Mehrst-MTS,Middle Tennessee State University. Center for Popular Music
1906-Living-MTS,Middle Tennessee State University. Center for Popular Music
1906-Gladho-MTS,Middle Tennessee State University. Center for Popular Music
1906-GVhymn-MTS,Middle Tennessee State University. Center for Popular Music
1905-Winnow-MTS,Middle Tennessee State University. Center for Popular Music
1905-Soulso-MTS,Middle Tennessee State University. Center for Popular Music
1905-Songs2-MTS,Middle Tennessee State University. Center for Popular Music
1905-Songs1-MTS,Middle Tennessee State University. Center for Popular Music
1905-Eureka-MTS,Middle Tennessee State University. Center for Popular Music
1904-Sunlig-MTS,Middle Tennessee State University. Center for Popular Music
1904-Songso-MTS,Middle Tennessee State University. Center for Popular Music
1904-Practi-MTS,Middle Tennessee State University. Center for Popular Music
1904-Perrys-MTS,Middle Tennessee State University. Center for Popular Music
1904-Living-MTS,Middle Tennessee State University. Center for Popular Music
1903-Hymnso-MTS,Middle Tennessee State University. Center for Popular Music
1902-Primit-MTS,Middle Tennessee State University. Center for Popular Music
1902-Gemsfo-MTS,Middle Tennessee State University. Center for Popular Music
1902-Favori-MTS,Middle Tennessee State University. Center for Popular Music
1902-Bibles-MTS,Middle Tennessee State University. Center for Popular Music
1901-Window-MTS,Middle Tennessee State University. Center for Popular Music
1902-Songso-MTS,Middle Tennessee State University. Center for Popular Music
1901-Psalms-MTS,Middle Tennessee State University. Center for Popular Music
1901-Hymnso-MTS,Middle Tennessee State University. Center for Popular Music
1900-Practi-MTS,Middle Tennessee State University. Center for Popular Music
1900-Pentec-MTS,Middle Tennessee State University. Center for Popular Music
1900-Gospel-MTS,Middle Tennessee State University. Center for Popular Music
1900-Epwort-MTS,Middle Tennessee State University. Center for Popular Music
1900-Dortch-MTS,Middle Tennessee State University. Center for Popular Music
1899-Storyo-MTS,Middle Tennessee State University. Center for Popular Music
1899-Psalms-MTS,Middle Tennessee State University. Center for Popular Music
1899-Highwa-MTS,Middle Tennessee State University. Center for Popular Music
1899-Gospel-MTS,Middle Tennessee State University. Center for Popular Music
1898-Silver-MTS,Middle Tennessee State University. Center for Popular Music
1898-Golden-MTS,Middle Tennessee State University. Center for Popular Music
1898-Fillmo-MTS,Middle Tennessee State University. Center for Popular Music
1897-Select-MTS,Middle Tennessee State University. Center for Popular Music
1897-Seedso-MTS,Middle Tennessee State University. Center for Popular Music
1897-Romanh-MTS,Middle Tennessee State University. Center for Popular Music
1897-Anthem-MTS,Middle Tennessee State University. Center for Popular Music
1896-Window-MTS,Middle Tennessee State University. Center for Popular Music
1896-Anthem-MTS,Middle Tennessee State University. Center for Popular Music
1895-Songof-MTS,Middle Tennessee State University. Center for Popular Music
1895-Psalms-MTS,Middle Tennessee State University. Center for Popular Music
1895-Dortch-MTS,Middle Tennessee State University. Center for Popular Music
1894-Treble-MTS,Middle Tennessee State University. Center for Popular Music
1894-PerleS-MTS,Middle Tennessee State University. Center for Popular Music
1894-Lieder-MTS,Middle Tennessee State University. Center for Popular Music
1893-Unfadi-MTS,Middle Tennessee State University. Center for Popular Music
1893-Blessi-MTS,Middle Tennessee State University. Center for Popular Music
1892-Whiter-MTS,Middle Tennessee State University. Center for Popular Music
1892-Trieda-MTS,Middle Tennessee State University. Center for Popular Music
1892-Songsa-MTS,Middle Tennessee State University. Center for Popular Music
1892-Little-MTS,Middle Tennessee State University. Center for Popular Music
1891-Cabina-MTS,Middle Tennessee State University. Center for Popular Music
1889-Songso-MTS,Middle Tennessee State University. Center for Popular Music
1889-Herber-MTS,Middle Tennessee State University. Center for Popular Music
1888-Modern-MTS,Middle Tennessee State University. Center for Popular Music
1888-Garner-MTS,Middle Tennessee State University. Center for Popular Music
1888-Deutsc-MTS,Middle Tennessee State University. Center for Popular Music
1887-Triump-MTS,Middle Tennessee State University. Center for Popular Music
1887-Songso-MTS,Middle Tennessee State University. Center for Popular Music
1887-Musica-MTS,Middle Tennessee State University. Center for Popular Music
1887-Empire-MTS,Middle Tennessee State University. Center for Popular Music
1886-Flower-MTS,Middle Tennessee State University. Center for Popular Music
1885-McPhai-MTS,Middle Tennessee State University. Center for Popular Music
1885-Herber-MTS,Middle Tennessee State University. Center for Popular Music
1884-Lieder-MTS,Middle Tennessee State University. Center for Popular Music
1884-Englis-MTS,Middle Tennessee State University. Center for Popular Music
1883-Hallel-MTS,Middle Tennessee State University. Center for Popular Music
1882-Tribut-MTS,Middle Tennessee State University. Center for Popular Music
1882-Songso-MTS,Middle Tennessee State University. Center for Popular Music
1882-Lieder-MTS,Middle Tennessee State University. Center for Popular Music
1882-Davids-MTS,Middle Tennessee State University. Center for Popular Music
1881-Hearta-MTS,Middle Tennessee State University. Center for Popular Music
1881-Gemofg-MTS,Middle Tennessee State University. Center for Popular Music
1880-Undert-MTS,Middle Tennessee State University. Center for Popular Music
1880-Gateso-MTS,Middle Tennessee State University. Center for Popular Music
1878-Univer-MTS,Middle Tennessee State University. Center for Popular Music
1878-Precio-MTS,Middle Tennessee State University. Center for Popular Music
1878-Heaven-MTS,Middle Tennessee State University. Center for Popular Music
1878-Harves-MTS,Middle Tennessee State University. Center for Popular Music
1877-Songso-MTS,Middle Tennessee State University. Center for Popular Music
1876-Spirit-MTS,Middle Tennessee State University. Center for Popular Music
1876-Songhe-MTS,Middle Tennessee State University. Center for Popular Music
1874-Songer-MTS,Middle Tennessee State University. Center for Popular Music
1874-Melodi-MTS,Middle Tennessee State University. Center for Popular Music
1874-Corone-MTS,Middle Tennessee State University. Center for Popular Music
1874-Cabina-MTS,Middle Tennessee State University. Center for Popular Music
1873-Manner-MTS,Middle Tennessee State University. Center for Popular Music
1872-Puredi-MTS,Middle Tennessee State University. Center for Popular Music
1871-Truesi-MTS,Middle Tennessee State University. Center for Popular Music
1871-Crowno-MTS,Middle Tennessee State University. Center for Popular Music
1871-Charmc-MTS,Middle Tennessee State University. Center for Popular Music
1870-WestVi-MTS,Middle Tennessee State University. Center for Popular Music
1870-Sacred-MTS,Middle Tennessee State University. Center for Popular Music
1869-Christ-MTS,Middle Tennessee State University. Center for Popular Music
1867-Songso-MTS,Middle Tennessee State University. Center for Popular Music
1867-Jugend-MTS,Middle Tennessee State University. Center for Popular Music
1867-Chants-MTS,Middle Tennessee State University. Center for Popular Music
1864-Devoti-MTS,Middle Tennessee State University. Center for Popular Music
1860-Church-MTS,Middle Tennessee State University. Center for Popular Music
1859-Songsf-MTS,Middle Tennessee State University. Center for Popular Music
1854-Church-MTS,Middle Tennessee State University. Center for Popular Music
1853-Timbre-MTS,Middle Tennessee State University. Center for Popular Music
1853-Harpof-MTS,Middle Tennessee State University. Center for Popular Music
1852-Romber-MTS,Middle Tennessee State University. Center for Popular Music
1850-Golden-MTS,Middle Tennessee State University. Center for Popular Music
1843-Manual-MTS,Middle Tennessee State University. Center for Popular Music
1833-Select-UTL,McFarlin Library
1846-Cherok-UTL,McFarlin Library
1860-Maskok-UTL,McFarlin Library
1866-Cherok-UTL,Gilcrease Library
1875-Gospel-UTL,McFarlin Library
1880-Nakcok-UTL,McFarlin Library
188x-Mvskok-UTL,Gilcrease Library
1887-Gospel-UTL,McFarlin Library
1892-Nusdvu-UTL,McFarlin Library
1906-Tsalag-UTL,McFarlin Library
1910-Baptis-UTL,McFarlin Library
1917-Mvskok-UTL,McFarlin Library
1920-Hallel-UTL,McFarlin Library
1926-Nakcok-UTL,McFarlin Library
1847-Sacred-SBT,Southern Baptist Theological Seminary
1851-Songso-SBT,Southern Baptist Theological Seminary
1853-Hymnsf-SBT,Southern Baptist Theological Seminary
1854-Sweets-SBT,Southern Baptist Theological Seminary
1856-Simple-SBT,Southern Baptist Theological Seminary
1857-Annive-SBT,Southern Baptist Theological Seminary
1859-HymnsF-SBT,Southern Baptist Theological Seminary
1860-Hymnss-SBT,Southern Baptist Theological Seminary
1862-Sunday-SBT,Southern Baptist Theological Seminary
1865-Sunday-SBT,Southern Baptist Theological Seminary
1867-Gladti-SBT,Southern Baptist Theological Seminary
1870-Vocali-SBT,Southern Baptist Theological Seminary
1871-Linton-SBT,Southern Baptist Theological Seminary
1871-NewChr-SBT,Southern Baptist Theological Seminary
1873-NewBa2-SBT,Southern Baptist Theological Seminary
1878-Newgos-SBT,Southern Baptist Theological Seminary
1881-Nearer-SBT,Southern Baptist Theological Seminary
1897-Select-SBT,Southern Baptist Theological Seminary
186x-Little-SBT,Southern Baptist Theological Seminary
1865-Newcel-SBT,Archives Rare Music
190x-Callne-SBT,Archives Rare Music
1894-Hymnss-SBT,Southern Baptist Theological Seminary
1919-Whenmi-SBT,Southern Baptist Theological Seminary
1884-Kleine-SBT,Southern Baptist Theological Seminary
1887-Hymnsn-SBT,Southern Baptist Theological Seminary
1888-Favori-SBT,Southern Baptist Theological Seminary
1889-Stouth-SBT,Southern Baptist Theological Seminary
1891-Choice-SBT,Southern Baptist Theological Seminary
1891-Hymnsn-SBT,Southern Baptist Theological Seminary
1892-Manly1-SBT,Southern Baptist Theological Seminary
1892-Manly2-SBT,Southern Baptist Theological Seminary
1895-Dawnin-SBT,Southern Baptist Theological Seminary
1895-Spirit-SBT,Southern Baptist Theological Seminary
1899-Salvat-SBT,Southern Baptist Theological Seminary
1900-Church-SBT,Southern Baptist Theological Seminary
1900-Sacre1-SBT,Southern Baptist Theological Seminary
1901-Lastin-SBT,Southern Baptist Theological Seminary
1901-Sunday-SBT,Southern Baptist Theological Seminary
1902-Sacred-SBT,Southern Baptist Theological Seminary
1904-Praise-SBT,Southern Baptist Theological Seminary
1905-Newson-SBT,Southern Baptist Theological Seminary
1908-Gemsof-SBT,Southern Baptist Theological Seminary
1908-Progra-SBT,Southern Baptist Theological Seminary
1909-Melodi-SBT,Southern Baptist Theological Seminary
1909-Newglo-SBT,Southern Baptist Theological Seminary
1909-Primit-SBT,Southern Baptist Theological Seminary
1909-Singet-SBT,Southern Baptist Theological Seminary
1909-Starof-SBT,Southern Baptist Theological Seminary
1912-Bestre-SBT,Southern Baptist Theological Seminary
1913-Emanue-SBT,Southern Baptist Theological Seminary
1913-Songsa-SBT,Southern Baptist Theological Seminary
1914-Songso-SBT,Southern Baptist Theological Seminary
1914-Studen-SBT,Southern Baptist Theological Seminary
1915-Kingof-SBT,Southern Baptist Theological Seminary
1915-Redemp-SBT,Southern Baptist Theological Seminary
1915-Songha-SBT,Southern Baptist Theological Seminary
1918-Northf-SBT,Southern Baptist Theological Seminary
1919-Hesju1-SBT,Southern Baptist Theological Seminary
1919-Hesju2-SBT,Southern Baptist Theological Seminary
1920-Gospel-SBT,Southern Baptist Theological Seminary
1923-Silver-SBT,Southern Baptist Theological Seminary
1924-Ourjoy-SBT,Southern Baptist Theological Seminary
1925-Hymnso-SBT,Southern Baptist Theological Seminary
1925-KingJe-SBT,Southern Baptist Theological Seminary
1925-Singhi-SBT,Southern Baptist Theological Seminary
1931-Evange-SBT,Southern Baptist Theological Seminary
1931-Glorio-SBT,Southern Baptist Theological Seminary
1857-Notesa-SBT,Southern Baptist Theological Seminary
1888-Temple-SBT,Southern Baptist Theological Seminary
1900-Newson-SBT,Southern Baptist Theological Seminary
1900-Sacre2-SBT,Southern Baptist Theological Seminary
1905-Psalli-SBT,Southern Baptist Theological Seminary
19xx-Robins-SBT,Southern Baptist Theological Seminary
1903-Hymnso-SBT,Southern Baptist Theological Seminary
1908-Reviva-SBT,Southern Baptist Theological Seminary
1911-Harpof-SBT,Southern Baptist Theological Seminary
1911-Newson-SBT,Southern Baptist Theological Seminary
1914-Glorio-SBT,Southern Baptist Theological Seminary
1916-Gospel-SBT,Southern Baptist Theological Seminary
1919-Hymnso-SBT,Southern Baptist Theological Seminary
1919-Majest-SBT,Southern Baptist Theological Seminary
1929-Souli1-SBT,Southern Baptist Theological Seminary
1929-Souli2-SBT,Southern Baptist Theological Seminary
1924-Gospel-SBT,Southern Baptist Theological Seminary
1924-Gracea-SBT,Southern Baptist Theological Seminary
1924-Songpr-SBT,Southern Baptist Theological Seminary
1925-Christ-SBT,Southern Baptist Theological Seminary
1910-Reviva-SBT,Southern Baptist Theological Seminary
1873-Amaran-UKY,University of Kentucky. Libraries. Special Collections Research Center
1900-Beauti-UKY,University of Kentucky. Libraries. Special Collections Research Center
1914-Carmin-UKY,University of Kentucky. Libraries. Special Collections Research Center
1871-Songki-UKY,University of Kentucky. Libraries. Special Collections Research Center
1874-Hallow-UKY,University of Kentucky. Libraries. Special Collections Research Center
1878-Hymna2-UKY,University of Kentucky. Libraries. Special Collections Research Center
1879-Hourso-UKY,University of Kentucky. Libraries. Special Collections Research Center
1890-Finest-UKY,University of Kentucky. Libraries. Special Collections Research Center
1843-Dupuys-UKY,University of Kentucky. Libraries. Special Collections Research Center
1850-Hymnsf-UKY,University of Kentucky. Libraries. Special Collections Research Center
1851-Christ-UKY,University of Kentucky. Libraries. Special Collections Research Center
1858-Christ-UKY,University of Kentucky. Libraries. Special Collections Research Center
1866-Christ-UKY,University of Kentucky. Libraries. Special Collections Research Center
1872-Collec-UKY,University of Kentucky. Libraries. Special Collections Research Center
1872-Gloryc-UKY,University of Kentucky. Libraries. Special Collections Research Center
1878-Hymna1-UKY,University of Kentucky. Libraries. Special Collections Research Center
1895-Voice2-UKY,University of Kentucky. Libraries. Special Collections Research Center
1925-Bookof-UKY,University of Kentucky. Libraries. Special Collections Research Center
1853-Shawml-UKY,University of Kentucky. Libraries. Special Collections Research Center
1870-NewChr-UKY,University of Kentucky. Libraries. Special Collections Research Center
1871-Sparkl-UKY,University of Kentucky. Libraries. Special Collections Research Center
1872-Hymnso-UKY,University of Kentucky. Libraries. Special Collections Research Center
1886-Carolb-UKY,University of Kentucky. Libraries. Special Collections Research Center
1894-Tearsa-UKY,University of Kentucky. Libraries. Special Collections Research Center
1897-Tearsa-UKY,University of Kentucky. Libraries. Special Collections Research Center
1902-Singin-UKY,University of Kentucky. Libraries. Special Collections Research Center
1906-Creamo-UKY,University of Kentucky. Libraries. Special Collections Research Center
1909-Briefh-UKY,University of Kentucky. Libraries. Special Collections Research Center
1915-Soulst-UKY,University of Kentucky. Libraries. Special Collections Research Center
1919-Navyso-UKY,University of Kentucky. Libraries. Special Collections Research Center
1921-Waveso-UKY,University of Kentucky. Libraries. Special Collections Research Center
1875-Choira-UKY,University of Kentucky. Libraries. Special Collections Research Center
1882-Christ-UKY,University of Kentucky. Libraries. Special Collections Research Center
1885-Christ-UKY,University of Kentucky. Libraries. Special Collections Research Center
1898-Crowni-UKY,University of Kentucky. Libraries. Special Collections Research Center
1901-Planta-UKY,University of Kentucky. Libraries. Special Collections Research Center
1908-Crowni-UKY-deprecated,University of Kentucky. Libraries. Special Collections Research Center
1911-Neweva-UKY,University of Kentucky. Libraries. Special Collections Research Center
1917-Nobody-UKY,University of Kentucky. Libraries. Special Collections Research Center
1918-Bigqua-UKY,University of Kentucky. Libraries. Special Collections Research Center
1918-ChantN-UKY,University of Kentucky. Libraries. Special Collections Research Center
1919-Things-UKY,University of Kentucky. Libraries. Special Collections Research Center
1924-Fiftye-UKY,University of Kentucky. Libraries. Special Collections Research Center
1925-Twelve-UKY,University of Kentucky. Libraries. Special Collections Research Center
1926-Dontle-UKY,University of Kentucky. Libraries. Special Collections Research Center
192x-Wonder-UKY,University of Kentucky. Libraries. Special Collections Research Center
1877-Choice-UKY,University of Kentucky. Libraries. Special Collections Research Center
1878-Gabrie-UKY,University of Kentucky. Libraries. Special Collections Research Center
1881-Crowno-UKY,University of Kentucky. Libraries. Special Collections Research Center
1883-Christ-UKY,University of Kentucky. Libraries. Special Collections Research Center
1892-Founta-UKY,University of Kentucky. Libraries. Special Collections Research Center
1895-Christ-UKY,University of Kentucky. Libraries. Special Collections Research Center
1907-Fiftyt-UKY,University of Kentucky. Libraries. Special Collections Research Center
1908-Crowni-UKY,University of Kentucky. Libraries. Special Collections Research Center
1911-Greate-UKY,University of Kentucky. Libraries. Special Collections Research Center
1916-Golden-UKY,University of Kentucky. Libraries. Special Collections Research Center
1916-Gospel-UKY,University of Kentucky. Libraries. Special Collections Research Center
1922-Firstb-UKY,University of Kentucky. Libraries. Special Collections Research Center
1873-Hermon-UKY,University of Kentucky. Libraries. Special Collections Research Center
1879-Joytow-UKY,University of Kentucky. Libraries. Special Collections Research Center
1881-Greatj-UKY,University of Kentucky. Libraries. Special Collections Research Center
1882-Hourso-UKY,University of Kentucky. Libraries. Special Collections Research Center
1884-Gospel-UKY,University of Kentucky. Libraries. Special Collections Research Center
1887-Harves-UKY,University of Kentucky. Libraries. Special Collections Research Center
1889-Neuekl-UKY,University of Kentucky. Libraries. Special Collections Research Center
1890-Evange-UKY,University of Kentucky. Libraries. Special Collections Research Center
1892-Garner-UKY,University of Kentucky. Libraries. Special Collections Research Center
1894-Himnar-UKY,University of Kentucky. Libraries. Special Collections Research Center
1901-Hymnso-UKY,University of Kentucky. Libraries. Special Collections Research Center
1903-Joyful-UKY,University of Kentucky. Libraries. Special Collections Research Center
1910-Gospel-UKY,University of Kentucky. Libraries. Special Collections Research Center
1911-Hymnso-UKY,University of Kentucky. Libraries. Special Collections Research Center
1924-Fullgo-UKY,University of Kentucky. Libraries. Special Collections Research Center
1859-Pastor-UKY,University of Kentucky. Libraries. Special Collections Research Center
1874-Palmer-UKY,University of Kentucky. Libraries. Special Collections Research Center
1879-Newcho-UKY,University of Kentucky. Libraries. Special Collections Research Center
1880-Sharon-UKY,University of Kentucky. Libraries. Special Collections Research Center
1886-Newsta-UKY,University of Kentucky. Libraries. Special Collections Research Center
1887-NewChr-UKY,University of Kentucky. Libraries. Special Collections Research Center
1891-Perenn-UKY,University of Kentucky. Libraries. Special Collections Research Center
1894-Newlif-UKY,University of Kentucky. Libraries. Special Collections Research Center
1895-Newtun-UKY,University of Kentucky. Libraries. Special Collections Research Center
1899-Notes1-UKY,University of Kentucky. Libraries. Special Collections Research Center
1907-NewChr-UKY,University of Kentucky. Libraries. Special Collections Research Center
1925-Realiz-UKY,University of Kentucky. Libraries. Special Collections Research Center
1853-Prairi-UKY,University of Kentucky. Libraries. Special Collections Research Center
1851-Christ-UMI,William L. Clements Library
1858-Harmon-UMI,William L. Clements Library
1858-Jubile-UMI,William L. Clements Library
1861-Soldie-UMI,William L. Clements Library
1867-Slaves-UMI,William L. Clements Library
1871-Harmon-UMI,William L. Clements Library
1872-Brethr-UMI,William L. Clements Library
1872-Jubile-UMI,William L. Clements Library
1878-Himnar-UMI,William L. Clements Library
1878-Keepin-UMI,William L. Clements Library
1880-Gospel-UMI,William L. Clements Library
1880-Dontyo-UMI,William L. Clements Library
1880-Risemy-UMI,William L. Clements Library
1880-Waitmy-UMI,William L. Clements Library
1881-Gospel-UMI,William L. Clements Library
1882-Songso-UMI,William L. Clements Library
1884-Goodti-UMI,William L. Clements Library
1884-Select-UMI,William L. Clements Library
1887-Gospel-UMI,William L. Clements Library
1894-Spirit-UMI,William L. Clements Library
1895-Gospel-UMI,William L. Clements Library
1897-Songso-UMI,William L. Clements Library
1898-Chorus-UMI,William L. Clements Library
1850-Southe-EMU,Pitts Theology Library
1853-Americ-EMU,Pitts Theology Library
1872-Palmer-EMU,Pitts Theology Library
1875-Collec-EMU,Pitts Theology Library
1877-Royalf-EMU,Pitts Theology Library
1879-Carmin-EMU,Pitts Theology Library
1884-Beauty-EMU,Pitts Theology Library
1884-Gemsof-EMU,Pitts Theology Library
1884-Jesus2-EMU,Pitts Theology Library
1886-Newli2-EMU,Pitts Theology Library
1887-Battle-EMU,Pitts Theology Library
1887-Dainty-EMU,Pitts Theology Library
1887-Gladev-EMU,Pitts Theology Library
1887-Glorya-EMU,Pitts Theology Library
1887-Harves-EMU,Pitts Theology Library
1887-Loving-EMU,Pitts Theology Library
192x-Worsh1-EMU,Pitts Theology Library
1890-Pearls-EMU,Pitts Theology Library
1890-Anthem-EMU,Pitts Theology Library
1892-Gospel-EMU,Pitts Theology Library
1892-Songla-EMU,Pitts Theology Library
1893-Hymnst-EMU,Pitts Theology Library
1894-Sunshi-EMU,Pitts Theology Library
1895-Caroli-EMU,Pitts Theology Library
1895-Celest-EMU,Pitts Theology Library
1896-Bellso-EMU,Pitts Theology Library
1896-Bestst-EMU,Pitts Theology Library
1896-Crowni-EMU,Pitts Theology Library
1896-Fillmo-EMU,Pitts Theology Library
1896-Sacred-EMU,Pitts Theology Library
1896-Sunlig-EMU,Pitts Theology Library
1896-Uplift-EMU,Pitts Theology Library
1897-Corona-EMU,Pitts Theology Library
1897-Fillmo-EMU,Pitts Theology Library
1897-Gospe1-EMU,Pitts Theology Library
1897-Gospe2-EMU,Pitts Theology Library
1897-Reviva-EMU,Pitts Theology Library
1897-Songla-EMU,Pitts Theology Library
1897-Songso-EMU,Pitts Theology Library
1899-Gospe1-EMU,Pitts Theology Library
1899-Gospe2-EMU,Pitts Theology Library
1899-Hymnal-EMU,Pitts Theology Library
1900-Childr-EMU,Pitts Theology Library
1900-Nation-EMU,Pitts Theology Library
1900-Newhar-EMU,Pitts Theology Library
1900-Ourtha-EMU,Pitts Theology Library
1900-Palace-EMU,Pitts Theology Library
1900-Salvat-EMU,Pitts Theology Library
1900-Songss-EMU,Pitts Theology Library
1900-Vaugha-EMU,Pitts Theology Library
1901-Aggres-EMU,Pitts Theology Library
1901-Eureka-EMU,Pitts Theology Library
1901-Fillm1-EMU,Pitts Theology Library
1901-Fillm2-EMU,Pitts Theology Library
1901-Hackle-EMU,Pitts Theology Library
1901-Kirche-EMU,Pitts Theology Library
1901-Manlyp-EMU,Pitts Theology Library
1901-Newpsa-EMU,Pitts Theology Library
1901-Youngp-EMU,Pitts Theology Library
1902-Crowno-EMU,Pitts Theology Library
1902-Eleven-EMU,Pitts Theology Library
1902-Joyful-EMU,Pitts Theology Library
1902-Living-EMU,Pitts Theology Library
1902-Onwing-EMU,Pitts Theology Library
1904-Gemsno-EMU,Pitts Theology Library
1904-Perfec-EMU,Pitts Theology Library
1904-Temper-EMU,Pitts Theology Library
1905-Hymnso-EMU,Pitts Theology Library
1905-Lobede-EMU,Pitts Theology Library
1905-Reviva-EMU,Pitts Theology Library
1905-Songsf-EMU,Pitts Theology Library
1905-Youngp-EMU,Pitts Theology Library
1906-Golden-EMU,Pitts Theology Library
1906-Gospel-EMU,Pitts Theology Library
1906-Hymna1-EMU,Pitts Theology Library
1906-Hymna2-EMU,Pitts Theology Library
1906-Jesuss-EMU,Pitts Theology Library
1906-Lastin-EMU,Pitts Theology Library
1906-Sevent-EMU,Pitts Theology Library
1907-Bestof-EMU,Pitts Theology Library
1907-Gospel-EMU,Pitts Theology Library
1907-Himnar-EMU,Pitts Theology Library
1907-Hymnso-EMU,Pitts Theology Library
1907-Specia-EMU,Pitts Theology Library
1907-Standa-EMU,Pitts Theology Library
1907-Sunday-EMU,Pitts Theology Library
1908-Chris1-EMU,Pitts Theology Library
1908-Victor-EMU,Pitts Theology Library
1909-Precio-EMU,Pitts Theology Library
1915-Worldw-EMU,Pitts Theology Library
1925-SaintH-EMU,Pitts Theology Library
1925-Songs2-EMU,Pitts Theology Library
1927-Spirit-EMU,Pitts Theology Library
1850-Sacred-EMU,Pitts Theology Library
1851-Songso-EMU,Pitts Theology Library
1854-Outlin-EMU,Pitts Theology Library
1859-Psalms-EMU,Pitts Theology Library
1868-Baptis-EMU,Pitts Theology Library
1889-Easte2-EMU,Pitts Theology Library
1892-Zionsm-EMU,Pitts Theology Library
1894-Choice-EMU,Pitts Theology Library
1900-Manual-EMU,Pitts Theology Library
1901-Electr-EMU,Pitts Theology Library
1901-Popula-EMU,Pitts Theology Library
1901-Standa-EMU,Pitts Theology Library
1902-Crowni-EMU,Pitts Theology Library
1902-Fillmo-EMU,Pitts Theology Library
1902-Tearsa-EMU,Pitts Theology Library
1903-Bellso-EMU,Pitts Theology Library
1903-Echoes-EMU,Pitts Theology Library
1903-Nation-EMU,Pitts Theology Library
1903-Reviva-EMU,Pitts Theology Library
1904-Baptis-EMU,Pitts Theology Library
1904-Glorio-EMU,Pitts Theology Library
1905-Fillmo-EMU,Pitts Theology Library
1905-Gloria-EMU,Pitts Theology Library
1905-Method-EMU,Pitts Theology Library
1905-Salvat-EMU,Pitts Theology Library
1907-Truthi-EMU,Pitts Theology Library
1908-Alexa1-EMU,Pitts Theology Library
1908-Alexa2-EMU,Pitts Theology Library
1908-Chris2-EMU,Pitts Theology Library
1908-Crowni-EMU,Pitts Theology Library
1908-Friend-EMU,Pitts Theology Library
1908-Fullof-EMU,Pitts Theology Library
1908-Hymnsa-EMU,Pitts Theology Library
1908-Joyand-EMU,Pitts Theology Library
1908-Oliver-EMU,Pitts Theology Library
1908-Sbirka-EMU,Pitts Theology Library
1908-Songso-EMU,Pitts Theology Library
1912-Songso-EMU,Pitts Theology Library
1908-Songse-EMU,Pitts Theology Library
1909-Christ-EMU,Pitts Theology Library
1909-Method-EMU,Pitts Theology Library
1909-Newhym-EMU,Pitts Theology Library
1909-Servic-EMU,Pitts Theology Library
1909-Tillma-EMU,Pitts Theology Library
1909-Unionh-EMU,Pitts Theology Library
1909-Vaugha-EMU,Pitts Theology Library
1910-Assemb-EMU,Pitts Theology Library
1910-Exulta-EMU,Pitts Theology Library
1910-Missio-EMU,Pitts Theology Library
1910-Reviva-EMU,Pitts Theology Library
1910-Songsf-EMU,Pitts Theology Library
1910-Songst-EMU,Pitts Theology Library
1910-Victor-EMU,Pitts Theology Library
1911-Evange-EMU,Pitts Theology Library
1911-Himnar-EMU,Pitts Theology Library
1911-Newson-EMU,Pitts Theology Library
1910-Psalms-EMU,Pitts Theology Library
1911-Songso-EMU,Pitts Theology Library
1911-Spirit-EMU,Pitts Theology Library
1911-Youngp-EMU,Pitts Theology Library
1912-Charmi-EMU,Pitts Theology Library
1912-Evange-EMU,Pitts Theology Library
1912-Hearth-EMU,Pitts Theology Library
1912-Little-EMU,Pitts Theology Library
1912-Newlyr-EMU,Pitts Theology Library
1912-Sacred-EMU,Pitts Theology Library
1912-Songs1-EMU,Pitts Theology Library
1912-Songs2-EMU,Pitts Theology Library
1912-Songs3-EMU,Pitts Theology Library
1912-Songs4-EMU,Pitts Theology Library
1912-Sunday-EMU,Pitts Theology Library
1913-Loyalt-EMU,Pitts Theology Library
1913-Ourcho-EMU,Pitts Theology Library
1913-Planta-EMU,Pitts Theology Library
1913-Sacred-EMU,Pitts Theology Library
1914-CrownH-EMU,Pitts Theology Library
1914-Downat-EMU,Pitts Theology Library
1914-Hymnso-EMU,Pitts Theology Library
1914-Immanu-EMU,Pitts Theology Library
1914-Newsac-EMU,Pitts Theology Library
1914-Onehun-EMU,Pitts Theology Library
1914-Praise-EMU,Pitts Theology Library
1915-Crowns-EMU,Pitts Theology Library
1915-Gospel-EMU,Pitts Theology Library
1915-Herald-EMU,Pitts Theology Library
1915-Praise-EMU,Pitts Theology Library
1915-Select-EMU,Pitts Theology Library
1915-Songs1-EMU,Pitts Theology Library
1915-Songs2-EMU,Pitts Theology Library
1915-Songs3-EMU,Pitts Theology Library
1915-Sparkl-EMU,Pitts Theology Library
1916-Childs-EMU,Pitts Theology Library
1916-Happyg-EMU,Pitts Theology Library
1916-Hispra-EMU,Pitts Theology Library
1916-Montre-EMU,Pitts Theology Library
1916-Newhar-EMU,Pitts Theology Library
1916-Select-EMU,Pitts Theology Library
1916-Songso-EMU,Pitts Theology Library
1916-Treasu-EMU,Pitts Theology Library
1917-Evange-EMU,Pitts Theology Library
1917-Hymnar-EMU,Pitts Theology Library
1917-Lifean-EMU,Pitts Theology Library
1917-Missio-EMU,Pitts Theology Library
1917-Select-EMU,Pitts Theology Library
1917-Songso-EMU,Pitts Theology Library
1917-Treasu-EMU,Pitts Theology Library
1917-Wonder-EMU,Pitts Theology Library
1918-Echoes-EMU,Pitts Theology Library
1918-Popula-EMU,Pitts Theology Library
1918-Reviva-EMU,Pitts Theology Library
1918-Rodehe-EMU,Pitts Theology Library
1918-Temple-EMU,Pitts Theology Library
1918-Tribut-EMU,Pitts Theology Library
1918-Worldr-EMU,Pitts Theology Library
1919-Founda-EMU,Pitts Theology Library
1919-Hampto-EMU,Pitts Theology Library
1919-Highwa-EMU,Pitts Theology Library
1919-Hymnal-EMU,Pitts Theology Library
1919-Reviva-EMU,Pitts Theology Library
1919-Sacred-EMU,Pitts Theology Library
191x-Canaan-EMU,Pitts Theology Library
191x-Confer-EMU,Pitts Theology Library
191x-Diadem-EMU,Pitts Theology Library
191x-Favori-EMU,Pitts Theology Library
191x-Gospel-EMU,Pitts Theology Library
191x-Reviva-EMU,Pitts Theology Library
1920-Songs1-EMU,Pitts Theology Library
1920-Songs2-EMU,Pitts Theology Library
1921-Church-EMU,Pitts Theology Library
1921-Gospel-EMU,Pitts Theology Library
1921-Greats-EMU,Pitts Theology Library
1921-Kingdo-EMU,Pitts Theology Library
1921-Reviva-EMU,Pitts Theology Library
1921-Songsa-EMU,Pitts Theology Library
1922-Hymnso-EMU,Pitts Theology Library
1922-Junior-EMU,Pitts Theology Library
1922-Marchi-EMU,Pitts Theology Library
1922-Reviva-EMU,Pitts Theology Library
1922-Songso-EMU,Pitts Theology Library
1922-Tellin-EMU,Pitts Theology Library
1922-Victo1-EMU,Pitts Theology Library
1923-Bright-EMU,Pitts Theology Library
1923-Chapel-EMU,Pitts Theology Library
1923-Choice-EMU,Pitts Theology Library
1923-Crownb-EMU,Pitts Theology Library
1923-Evange-EMU,Pitts Theology Library
1923-Gospel-EMU,Pitts Theology Library
1923-Hosann-EMU,Pitts Theology Library
1923-Method-EMU,Pitts Theology Library
1923-Praise-EMU,Pitts Theology Library
1923-Rodehe-EMU,Pitts Theology Library
1923-Search-EMU,Pitts Theology Library
1923-Servic-EMU,Pitts Theology Library
1923-Songso-EMU,Pitts Theology Library
1924-Baptis-EMU,Pitts Theology Library
1924-Bestre-EMU,Pitts Theology Library
1924-Christ-EMU,Pitts Theology Library
1924-Harves-EMU,Pitts Theology Library
1924-Praise-EMU,Pitts Theology Library
1925-Colema-EMU,Pitts Theology Library
1925-Faithi-EMU,Pitts Theology Library
1925-Gloryc-EMU,Pitts Theology Library
1925-Homego-EMU,Pitts Theology Library
1925-Little-EMU,Pitts Theology Library
1925-Sacred-EMU,Pitts Theology Library
1925-Songs1-EMU,Pitts Theology Library
1868-Silver-UKY,University of Kentucky. Libraries. Special Collections Research Center
1876-NewHar-UKY,University of Kentucky. Libraries. Special Collections Research Center
1879-Shinin-UKY,University of Kentucky. Libraries. Special Collections Research Center
1886-Royalp-UKY,University of Kentucky. Libraries. Special Collections Research Center
1895-Salvat-UKY,University of Kentucky. Libraries. Special Collections Research Center
1896-Praise-UKY,University of Kentucky. Libraries. Special Collections Research Center
1896-Reviva-UKY,University of Kentucky. Libraries. Special Collections Research Center
1899-Sacred-UKY,University of Kentucky. Libraries. Special Collections Research Center
1911-Redemp-UKY,University of Kentucky. Libraries. Special Collections Research Center
1919-Praise-UKY,University of Kentucky. Libraries. Special Collections Research Center
1873-Sunshi-UKY,University of Kentucky. Libraries. Special Collections Research Center
1875-Starry-UKY,University of Kentucky. Libraries. Special Collections Research Center
1883-Spirit-UKY,University of Kentucky. Libraries. Special Collections Research Center
1885-Zionso-UKY,University of Kentucky. Libraries. Special Collections Research Center
1896-Soulwi-UKY,University of Kentucky. Libraries. Special Collections Research Center
1903-Standa-UKY,University of Kentucky. Libraries. Special Collections Research Center
1910-Zionme-UKY,University of Kentucky. Libraries. Special Collections Research Center
1911-Spirit-UKY,University of Kentucky. Libraries. Special Collections Research Center
1912-Songcr-UKY,University of Kentucky. Libraries. Special Collections Research Center
1918-Victor-UKY,University of Kentucky. Libraries. Special Collections Research Center
1923-Songso-UKY,University of Kentucky. Libraries. Special Collections Research Center
1895-Voice1-UKY,University of Kentucky. Libraries. Special Collections Research Center
1897-Songsf-UKY,University of Kentucky. Libraries. Special Collections Research Center
1897-Unionh-UKY,University of Kentucky. Libraries. Special Collections Research Center
1901-Youngp-UKY,University of Kentucky. Libraries. Special Collections Research Center
1921-Worldw-UKY,University of Kentucky. Libraries. Special Collections Research Center
1923-Cokesb-UKY,University of Kentucky. Libraries. Special Collections Research Center
1891-Christ-UKY,University of Kentucky. Libraries. Special Collections Research Center
1916-Lyricd-EMU,"Stuart A. Rose Manuscript, Archives, and Rare Book Library"
1903-Musica-EMU,"Stuart A. Rose Manuscript, Archives, and Rare Book Library"
1851-Chahta-EMU,Emory University. General Libraries
1858-Sunday-EMU,"Stuart A. Rose Manuscript, Archives, and Rare Book Library"
1862-Soldie-EMU,"Stuart A. Rose Manuscript, Archives, and Rare Book Library"
1863-Soldie-EMU,"Stuart A. Rose Manuscript, Archives, and Rare Book Library"
1864-Sabbat-EMU,"Stuart A. Rose Manuscript, Archives, and Rare Book Library"
1864-Armyhy-EMU,"Stuart A. Rose Manuscript, Archives, and Rare Book Library"
1878-Nation-EMU,"Stuart A. Rose Manuscript, Archives, and Rare Book Library"
1877-Geschi-EMU,"Stuart A. Rose Manuscript, Archives, and Rare Book Library"
1882-Collec-EMU,"Stuart A. Rose Manuscript, Archives, and Rare Book Library"
1887-Nation-EMU,Emory University. General Libraries
1892-Hampto-EMU,"Stuart A. Rose Manuscript, Archives, and Rare Book Library"
1895-Poems-EMU,"Stuart A. Rose Manuscript, Archives, and Rare Book Library"
1898-Africa-EMU,"Stuart A. Rose Manuscript, Archives, and Rare Book Library"
1899-Hymnbo-EMU,"Stuart A. Rose Manuscript, Archives, and Rare Book Library"
188x-Songse-EMU,"Stuart A. Rose Manuscript, Archives, and Rare Book Library"
18xx-Jubile-EMU,"Stuart A. Rose Manuscript, Archives, and Rare Book Library"
1900-Songso-EMU,"Stuart A. Rose Manuscript, Archives, and Rare Book Library"
1901-Pearls-EMU,"Stuart A. Rose Manuscript, Archives, and Rare Book Library"
1905-Negroe-EMU,"Stuart A. Rose Manuscript, Archives, and Rare Book Library"
1907-Calhou-EMU,"Stuart A. Rose Manuscript, Archives, and Rare Book Library"
1909-Calhou-EMU,"Stuart A. Rose Manuscript, Archives, and Rare Book Library"
1909-Religi-EMU,"Stuart A. Rose Manuscript, Archives, and Rare Book Library"
1910-Burnin-EMU,"Stuart A. Rose Manuscript, Archives, and Rare Book Library"
1913-Hymnal-EMU,"Stuart A. Rose Manuscript, Archives, and Rare Book Library"
1914-AfroAm-EMU,"Stuart A. Rose Manuscript, Archives, and Rare Book Library"
1915-Songso-EMU,"Stuart A. Rose Manuscript, Archives, and Rare Book Library"
1916-Afterf-EMU,"Stuart A. Rose Manuscript, Archives, and Rare Book Library"
191x-Praise-EMU,"Stuart A. Rose Manuscript, Archives, and Rare Book Library"
1921-Univer-EMU,"Stuart A. Rose Manuscript, Archives, and Rare Book Library"
1923-Nation-EMU,"Stuart A. Rose Manuscript, Archives, and Rare Book Library"
192x-JRosam-EMU,"Stuart A. Rose Manuscript, Archives, and Rare Book Library"
1928-Americ-EMU,"Stuart A. Rose Manuscript, Archives, and Rare Book Library"
19xx-Americ-EMU,"Stuart A. Rose Manuscript, Archives, and Rare Book Library"
19xx-Himnos-EMU,Emory University. General Libraries
xxxx-Keepmy-EMU,"Stuart A. Rose Manuscript, Archives, and Rare Book Library"
xxxx-Select-EMU,"Stuart A. Rose Manuscript, Archives, and Rare Book Library"
189x-Songss-EMU,"Stuart A. Rose Manuscript, Archives, and Rare Book Library"
19xx-Thisbo-EMU,"Stuart A. Rose Manuscript, Archives, and Rare Book Library"
1906-Newpra-MTS,Middle Tennessee State University. Center for Popular Music
1921-Salvat-MTS,Middle Tennessee State University. Center for Popular Music
1893-Spirit-MTS,Middle Tennessee State University. Center for Popular Music
1897-Riches-MTS,Middle Tennessee State University. Center for Popular Music
1910-Tearsa-MTS,Middle Tennessee State University. Center for Popular Music
1900-Gemsxx-MTS,Middle Tennessee State University. Center for Popular Music
1905-Gleani-MTS,Middle Tennessee State University. Center for Popular Music
1923-Cheerf-MTS,Middle Tennessee State University. Center for Popular Music
1921-Gospe2-MTS,Middle Tennessee State University. Center for Popular Music
1899-Reviva-MTS,Middle Tennessee State University. Center for Popular Music
1904-Resurr-MTS,Middle Tennessee State University. Center for Popular Music
1881-Gospel-MTS,Middle Tennessee State University. Center for Popular Music
1907-Reviva-MTS,Middle Tennessee State University. Center for Popular Music
1900-Fillmo-MTS,Middle Tennessee State University. Center for Popular Music
1902-Songsf-MTS,Middle Tennessee State University. Center for Popular Music
1897-Psalms-MTS,Middle Tennessee State University. Center for Popular Music
1899-Gladti-MTS,Middle Tennessee State University. Center for Popular Music
1900-Bright-MTS,Middle Tennessee State University. Center for Popular Music
1895-Showal-MTS,Middle Tennessee State University. Center for Popular Music
1922-Echoes-MTS,Middle Tennessee State University. Center for Popular Music
1925-Comple-MTS,Middle Tennessee State University. Center for Popular Music
1906-Vaugha-MTS,Middle Tennessee State University. Center for Popular Music
1909-Gospel-MTS,Middle Tennessee State University. Center for Popular Music
xxxx-Worldf-MTS,Middle Tennessee State University. Center for Popular Music
1912-Joyful-MTS,Middle Tennessee State University. Center for Popular Music
1919-Tiding-MTS,Middle Tennessee State University. Center for Popular Music
1922-Bethle-MTS,Middle Tennessee State University. Center for Popular Music
1921-Fromth-MTS,Middle Tennessee State University. Center for Popular Music
1905-Search-MTS,Middle Tennessee State University. Center for Popular Music
1892-Highwa-MTS,Middle Tennessee State University. Center for Popular Music
1891-Childr-MTS,Middle Tennessee State University. Center for Popular Music
1906-Oldsto-MTS,Middle Tennessee State University. Center for Popular Music
1916-Tiding-MTS,Middle Tennessee State University. Center for Popular Music
1900-Gloryc-MTS,Middle Tennessee State University. Center for Popular Music
1903-Joyful-MTS,Middle Tennessee State University. Center for Popular Music
1900-Sunday-MTS,Middle Tennessee State University. Center for Popular Music
1923-Eightn-MTS,Middle Tennessee State University. Center for Popular Music
1923-Christ-MTS,Middle Tennessee State University. Center for Popular Music
1894-Shiloh-MTS,Middle Tennessee State University. Center for Popular Music
1890-Gemsan-MTS,Middle Tennessee State University. Center for Popular Music
1923-NewHar-MTS,Middle Tennessee State University. Center for Popular Music
1886-Noteso-MTS,Middle Tennessee State University. Center for Popular Music
1863-Church-MTS,Middle Tennessee State University. Center for Popular Music
1877-Newcas-MTS,Middle Tennessee State University. Center for Popular Music
1873-Triump-MTS,Middle Tennessee State University. Center for Popular Music
1885-Noteso-MTS,Middle Tennessee State University. Center for Popular Music
1892-Glorio-MTS,Middle Tennessee State University. Center for Popular Music
1866-Christ-MTS,Middle Tennessee State University. Center for Popular Music
1857-Church-MTS,Middle Tennessee State University. Center for Popular Music
1847-Collec-EMU,Pitts Theology Library
1849-Sacred-EMU,Pitts Theology Library
1855-Collec-EMU,Pitts Theology Library
1859-Collec-EMU,Pitts Theology Library
1860-Baptis-EMU,Pitts Theology Library
1874-Fillmo-EMU,Pitts Theology Library
1882-Sweetf-EMU,Pitts Theology Library
1890-Gladev-EMU,Pitts Theology Library
1891-Pearls-EMU,Pitts Theology Library
1895-Gospel-EMU,Pitts Theology Library
1895-Chris2-EMU,Pitts Theology Library
1896-Classc-EMU,Pitts Theology Library
1899-Oldpla-EMU,Pitts Theology Library
19xx-Gospe1-EMU,Pitts Theology Library
19xx-Gospe2-EMU,Pitts Theology Library
1901-Hymnal-EMU,Pitts Theology Library
1901-Junior-EMU,Pitts Theology Library
1901-Showal-EMU,Pitts Theology Library
1904-Pathwa-EMU,Pitts Theology Library
1909-Songso-EMU,Pitts Theology Library
191x-Hymnsf-EMU,Pitts Theology Library
1910-Sacred-EMU,Pitts Theology Library
1914-Newgos-EMU,Pitts Theology Library
1916-Worshi-EMU,Pitts Theology Library
1922-Victo2-EMU,Pitts Theology Library
1925-Excell-EMU,Pitts Theology Library
192x-Songsf-EMU,Pitts Theology Library
1911-Sacred-EMU,Pitts Theology Library
1852-Psalms-UKY,University of Kentucky. Libraries. Special Collections Research Center
1860-Sabbat-UKY,University of Kentucky. Libraries. Special Collections Research Center
1860-Select-UKY,University of Kentucky. Libraries. Special Collections Research Center
1867-Taboro-UKY,University of Kentucky. Libraries. Special Collections Research Center
1874-Gospel-UKY,University of Kentucky. Libraries. Special Collections Research Center
1880-Popula-UKY,University of Kentucky. Libraries. Special Collections Research Center
1889-Starof-UKY,University of Kentucky. Libraries. Special Collections Research Center
1889-Voiceo-UKY,University of Kentucky. Libraries. Special Collections Research Center
1899-Songso-UKY,University of Kentucky. Libraries. Special Collections Research Center
1908-Christ-UKY,University of Kentucky. Libraries. Special Collections Research Center
1909-Songso-UKY,University of Kentucky. Libraries. Special Collections Research Center
1925-Hymnso-UKY,University of Kentucky. Libraries. Special Collections Research Center
1853-Dyersp-UKY,University of Kentucky. Libraries. Special Collections Research Center
1860-Sacred-UKY,University of Kentucky. Libraries. Special Collections Research Center
1866-Tefilo-UKY,University of Kentucky. Libraries. Special Collections Research Center
1905-Twenty-UKY,University of Kentucky. Libraries. Special Collections Research Center
1913-Eureka-UKY,University of Kentucky. Libraries. Special Collections Research Center
1919-Hampto-UKY,University of Kentucky. Libraries. Special Collections Research Center
191x-Americ-UKY,University of Kentucky. Libraries. Special Collections Research Center
1921-Elmhur-UKY,University of Kentucky. Libraries. Special Collections Research Center
1908-Bethan-MTS,Middle Tennessee State University. Center for Popular Music
1909-Breado-MTS,Middle Tennessee State University. Center for Popular Music
1910-Kingsp-MTS,Middle Tennessee State University. Center for Popular Music
1913-Praise-MTS,Middle Tennessee State University. Center for Popular Music
1921-Gospe1-MTS,Middle Tennessee State University. Center for Popular Music
1922-Hispra-MTS,Middle Tennessee State University. Center for Popular Music
1924-Shinin-MTS,Middle Tennessee State University. Center for Popular Music
1925-Blesse-MTS,Middle Tennessee State University. Center for Popular Music
1875-Gospel-UMI,Harlan Hatcher Graduate Library
1885-Epwort-UMI,University of Michigan. Library
1891-Epwort-UMI,University of Michigan. Music Library
1863-Soldie-UMI,University of Michigan. Special Collections Library
1864-Fillmo-UMI,University of Michigan. Music Library
1866-Tefilo-UMI,University of Michigan. Special Collections Library
1872-Golden-UMI,University of Michigan. Music Library
1879-Lieder-UMI,University of Michigan. Special Collections Library
1866-Singin-UMI,University of Michigan. Music Library
1854-Nation-UMI,Bentley Historical Library
1878-Gospel-UMI,University of Michigan. Music Library
1919-Shouty-UMI,University of Michigan. Music Library
1860-Christ-UMI,University of Michigan. Special Collections Library
1905-Method-UMI,University of Michigan. Music Library
1890-Evange-UMI,University of Michigan. Music Library
1888-Glorio-UMI,Bentley Historical Library
1851-Psalmi-UMI,University of Michigan. Music Library
1867-Slave1-UMI,University of Michigan. Library
1867-Slave2-UMI,University of Michigan. Special Collections Library
1873-Joyaco-UMI,University of Michigan. Library
1885-Wondro-UMI,University of Michigan. Music Library
1890-Noteso-UMI,University of Michigan. Music Library
1909-Songso-UMI,University of Michigan. Music Library
1918-Hampto-UMI,University of Michigan. Music Library
1921-Gospel-UMI,University of Michigan. Music Library
192X-Americ-UMI,University of Michigan. Special Collections Library
1854-Hymnsf-UKY,University of Kentucky. Libraries. Special Collections Research Center
1854-Southe-UKY,University of Kentucky. Libraries. Special Collections Research Center
1871-Israel-UKY,University of Kentucky. Libraries. Special Collections Research Center
1883-Gospel-UKY,University of Kentucky. Libraries. Special Collections Research Center
1886-Workan-UKY,University of Kentucky. Libraries. Special Collections Research Center
1892-Living-UKY,University of Kentucky. Libraries. Special Collections Research Center
1899-Notes2-UKY,University of Kentucky. Libraries. Special Collections Research Center
1899-Reviva-UKY,University of Kentucky. Libraries. Special Collections Research Center
1901-Malequ-UKY,University of Kentucky. Libraries. Special Collections Research Center
1910-Alexan-UKY,University of Kentucky. Libraries. Special Collections Research Center
1829-Chahta-UTL,Thomas Gilcrease Institute of American History and Art
1829-Cherok-UTL,Thomas Gilcrease Institute of American History and Art
1835-Shorts-UTL,Thomas Gilcrease Institute of American History and Art
1835-Triump-UTL,Thomas Gilcrease Institute of American History and Art
1854-Cherok-UTL,Thomas Gilcrease Institute of American History and Art
1858-Chahta-UTL,Thomas Gilcrease Institute of American History and Art
1866-Potewa-UTL,Thomas Gilcrease Institute of American History and Art
1888-Cherok-UTL,Thomas Gilcrease Institute of American History and Art
1892-Shirai-SBT,Southern Baptist Theological Seminary
1901-Gospe1-SBT,Southern Baptist Theological Seminary
1917-Synago-SBT,Southern Baptist Theological Seminary
1845-Southe-SBT,Southern Baptist Theological Seminary
1857-Sacred-SBT,Southern Baptist Theological Seminary
1872-Chocta-SBT,Southern Baptist Theological Seminary
1885-Wondro-SBT,Southern Baptist Theological Seminary
1895-Gospel-SBT,Southern Baptist Theological Seminary
1897-Riches-SBT,Southern Baptist Theological Seminary
1874-Fillmo-SBT,Southern Baptist Theological Seminary
1875-Gospel-SBT,Southern Baptist Theological Seminary
1879-Favori-SBT,Southern Baptist Theological Seminary
1887-Jubile-SBT,Southern Baptist Theological Seminary
1892-Glorio-SBT,Southern Baptist Theological Seminary
1897-Gantvo-SBT,Southern Baptist Theological Seminary
1898-Fillmo-SBT,Southern Baptist Theological Seminary
1901-Gospe2-SBT,Southern Baptist Theological Seminary
1909-Minist-SBT,Southern Baptist Theological Seminary
1910-Reviva-SBT,Southern Baptist Theological Seminary
1922-Praise-SBT,Southern Baptist Theological Seminary
1925-Harbor-SBT,Southern Baptist Theological Seminary
1890-Gemsan-SBT,Southern Baptist Theological Seminary
1850-Rurals-BRU,
1858-Prayer-BRU,
1861-NeuerL-BRU,
1863-Collec-BRU,
1867-Dedica-BRU,
1869-Childs-BRU,
1873-Vocalc-BRU,
1875-Singin-BRU,
1876-Psalte-BRU,
1877-Transl-BRU,
1888-Reviva-BRU,Brown University. Library
1891-Melodi-BRU,
1897-Poetic-BRU,
1898-Tedeum-BRU,
18xx-LibbyP-BRU,
1900-Crowni-BRU,
1904-Bestgo-BRU,
1906-Sonsof-BRU,
1911-Hymnfo-BRU,
1913-Mensgo-BRU,
1914-Gladpr-BRU,
1915-Search-BRU,
1916-Hitthe-BRU,
1917-Hymnf1-BRU,
1918-Mother-BRU,
1843-Church-BRU,
1867-Christ-BRU,
1868-Hymnst-BRU,
1872-Voiceo-BRU,
1875-Angels-BRU,
1876-Progra-BRU,
1877-Twelft-BRU,
1880-Jubile-BRU,
1880-Origin-BRU,
1885-Fewmor-BRU,
1888-Masoni-BRU,
1893-Conqu2-BRU,
1894-Bringt-BRU,
1900-Songsf-BRU,
1905-Mymoth-BRU,
1905-Withhe-BRU,
1910-Kingsm-BRU,
1912-Exhor1-BRU,
1914-PilotT-BRU,
1916-Deepri-BRU,
1917-Albumo-BRU,
1918-Childr-BRU,
1919-Dontbe-BRU,
1922-Gospel-BRU,
1861-Soldi2-BRU,
1844-Hymnbo-UKY,University of Kentucky. Libraries. Special Collections Research Center
1851-Psalmi-UKY,University of Kentucky. Libraries. Special Collections Research Center
1854-Psalmi-UKY,University of Kentucky. Libraries. Special Collections Research Center
1854-Singer-UKY,University of Kentucky. Libraries. Special Collections Research Center
1865-Christ-UKY,University of Kentucky. Libraries. Special Collections Research Center
1867-Psalms-UKY,University of Kentucky. Libraries. Special Collections Research Center
1887-Gospel-UKY,University of Kentucky. Libraries. Special Collections Research Center
1899-Tearsa-UKY,University of Kentucky. Libraries. Special Collections Research Center
1908-Bookof-UKY,University of Kentucky. Libraries. Special Collections Research Center
1921-Temple-UKY,University of Kentucky. Libraries. Special Collections Research Center
185x-Annive-SBT,Southern Baptist Theological Seminary
1898-Lieder-SBT,Southern Baptist Theological Seminary
1845-Select-EMU,Pitts Theology Library
1873-Vocalt-EMU,Emory University. General Libraries
1916-Newson-EMU,"Stuart A. Rose Manuscript, Archives, and Rare Book Library"
192x-Gospel-EMU,"Stuart A. Rose Manuscript, Archives, and Rare Book Library"
1849-Virgin-MTS,Middle Tennessee State University. Center for Popular Music
1850-Timbre-MTS,Middle Tennessee State University. Center for Popular Music
1854-Social-MTS,Middle Tennessee State University. Center for Popular Music
1855-Sabbat-MTS,Middle Tennessee State University. Center for Popular Music
1856-Congre-MTS,Middle Tennessee State University. Center for Popular Music
191x-Reviva-MTS,Middle Tennessee State University. Center for Popular Music
1861-Pilgri-MTS,Middle Tennessee State University. Center for Popular Music
185x-Theres-MTS,Middle Tennessee State University. Center for Popular Music
1924-Gospel-UKY,University of Kentucky. Libraries. Special Collections Research Center
1848-Hesper-EMU,Pitts Theology Library
1851-Nakcok-EMU,Pitts Theology Library
1875-Himnos-EMU,Pitts Theology Library
1925-Mellow-EMU,Pitts Theology Library
1925-Temple-EMU,Pitts Theology Library
1881-Temper-MTS,Middle Tennessee State University. Center for Popular Music
1892-WideAw-MTS,Middle Tennessee State University. Center for Popular Music
1898-Aposto-MTS,Middle Tennessee State University. Center for Popular Music
1903-Eureka-MTS,Middle Tennessee State University. Center for Popular Music
1907-Bealls-MTS,Middle Tennessee State University. Center for Popular Music
1908-Silver-MTS,Middle Tennessee State University. Center for Popular Music
1870-Prizex-SBT,Southern Baptist Theological Seminary
1906-SongEv-SBT,Southern Baptist Theological Seminary
1907-Folks1-SBT,Southern Baptist Theological Seminary
1907-Folks2-SBT,Southern Baptist Theological Seminary
1915-Alexan-SBT,Southern Baptist Theological Seminary
1915-Gospel-SBT,Southern Baptist Theological Seminary
1857-Primit-UKY,Fine Arts Library
1876-Polish-UKY,University of Michigan. Library
189x-Hallss-UKY,University of Michigan. Library
1909-Gospel-UKY,University of Michigan. Library
1925-NewSon-UKY,University of Michigan. Library
1859-Oriol1-BRU,Brown University. Library
1860-Deutsc-BRU,Brown University. Library
1873-Bibles-BRU,Brown University. Library
1873-Spirit-BRU,Brown University. Library
1879-Corona-BRU,Brown University. Library
1881-NoranI-BRU,Brown University. Library
1884-Tuskeg-BRU,Brown University. Library
1885-Harves-BRU,Brown University. Library
1890-Positi-BRU,Brown University. Library
1895-Gospel-BRU,Brown University. Library
1899-Songsa-BRU,Brown University. Library
18xx-Whispe-BRU,Brown University. Library
1900-Recita-BRU,Brown University. Library
1901-OLordo-BRU,Brown University. Library
1903-SweetH-BRU,Brown University. Library
1906-Edenec-BRU,Brown University. Library
1909-Cherok-BRU,Brown University. Library
1909-Sevens-BRU,Brown University. Library
1915-Hymnal-BRU,Brown University. Library
1916-Diamon-BRU,Brown University. Library
1916-MySavi-BRU,Brown University. Library
1918-Newvic-BRU,Brown University. Library
1923-UnionH-BRU,Brown University. Library
1890-Singer-EMU,Pitts Theology Library
1859-Narrat-UMI,William L. Clements Library
1891-Otterb-UMI,William L. Clements Library
1882-Songsf-UMI,William L. Clements Library
1879-Gospel-UMI,William L. Clements Library
1877-Grandc-UMI,William L. Clements Library
