ssdl:pid,ssdl:holdingInstitution
1850-Missou-EMU,Emory University
1850-Missou-EMU,Emory University
1852-Collec-EMU,Emory University
1852-Peters-EMU,Emory University
1852-Reviva-EMU,Emory University
1853-Temple-EMU,Emory University
1853-Wester-EMU,Emory University
1885-Gospel-EMU,Emory University
1855-Sacred-EMU,Emory University
1855-Vocalm-EMU,Emory University
1857-Hymnss-EMU,Emory University
1857-Kirche-EMU,Emory University
1858-Sacred-EMU,Emory University
1859-Songso-EMU,Emory University
1859-Southe-EMU,Emory University
1859-Wesley-EMU,Emory University
1860-Evange-EMU,Emory University
1860-Hymnis-EMU,Emory University
1860-Oriola-EMU,Emory University
1860-Unionh-EMU,Emory University
1861-Psalms-EMU,Emory University
1869-Specim-EMU,Emory University
1862-Hymnsf-EMU,Emory University
1864-Confed-EMU,Emory University
1865-Musica-EMU,Emory University
1867-Golden-EMU,Emory University
1867-Violet-EMU,Emory University
1868-Chapel-EMU,Emory University
1868-Eclect-EMU,Emory University
1868-Hymnsa-EMU,Emory University
1868-School-EMU,Emory University
1868-Shinin-EMU,Emory University
1869-Songsf-EMU,Emory University
1871-Christ-EMU,Emory University
1871-Kindwo-EMU,Emory University
1872-Harfen-EMU,Emory University
1872-Newhar-EMU,Emory University
1873-Fruits-EMU,Emory University
1873-Hymnsf-EMU,Emory University
1873-Songsf-EMU,Emory University
1874-Bookof-EMU,Emory University
1874-Contri-EMU,Emory University
1874-Everys-EMU,Emory University
1874-Golden-EMU,Emory University
1874-Palmof-EMU,Emory University
1876-Bibles-EMU,Emory University
1875-Devoti-EMU,Emory University
1875-Gospel-EMU,Emory University
1876-Melodi-EMU,Emory University
1876-Storyo-EMU,Emory University
1877-Jasper-EMU,Emory University
1877-Mornin-EMU,Emory University
1877-Newmel-EMU,Emory University
1878-Golden-EMU,Emory University
1878-Gospe1-EMU,Emory University
1878-Gospe2-EMU,Emory University
1878-Helpin-EMU,Emory University
1878-Hymnal-EMU,Emory University
1878-Lastwo-EMU,Emory University
1878-Revivi-EMU,Emory University
1878-Tiding-EMU,Emory University
1879-Bapti2-EMU,Emory University
1879-Primit-EMU,Emory University
1879-Sacred-EMU,Emory University
1879-Songvi-EMU,Emory University
1879-Wreath-EMU,Emory University
1880-Childr-EMU,Emory University
1880-Hymnsx-EMU,Emory University
1880-Joyand-EMU,Emory University
1880-Newhy1-EMU,Emory University
1880-Newhy2-EMU,Emory University
1880-Songse-EMU,Emory University
1912-Tribut-EMU,Emory University
1881-Evange-EMU,Emory University
1881-Himnar-EMU,Emory University
1881-Redeem-EMU,Emory University
1881-Twilig-EMU,Emory University
1882-Gracea-EMU,Emory University
1882-Juveni-EMU,Emory University
1882-NewChr-EMU,Emory University
1882-Psalms-EMU,Emory University
1882-Realmo-EMU,Emory University
1882-Singin-EMU,Emory University
1883-Better-EMU,Emory University
1883-Bookof-EMU,Emory University
1883-Duplex-EMU,Emory University
1883-Holyvo-EMU,Emory University
1883-Lovean-EMU,Emory University
1883-Purede-EMU,Emory University
1883-Select-EMU,Emory University
1883-Shaker-EMU,Emory University
1883-Songso-EMU,Emory University
1883-Teache-EMU,Emory University
1883-Triune-EMU,Emory University
1883-Voiceo-EMU,Emory University
1884-Congre-EMU,Emory University
1884-Consol-EMU,Emory University
1884-Everla-EMU,Emory University
1884-Gospel-EMU,Emory University
1884-Gratef-EMU,Emory University
1884-Harves-EMU,Emory University
1884-Hymnbo-EMU,Emory University
1884-Jesus1-EMU,Emory University
1884-Ourson-EMU,Emory University
1884-Praise-EMU,Emory University
1884-Sabbat-EMU,Emory University
1884-Temple-EMU,Emory University
1885-Freshf-EMU,Emory University
1885-Golden-EMU,Emory University
1885-Holyma-EMU,Emory University
1885-Lofzan-EMU,Emory University
1885-Popula-EMU,Emory University
1885-Revise-EMU,Emory University
1885-Zionso-EMU,Emory University
1886-Carols-EMU,Emory University
1886-Childr-EMU,Emory University
1890-Gospel-EMU,Emory University
1886-Greata-EMU,Emory University
1886-Joyand-EMU,Emory University
1886-Newli1-EMU,Emory University
1886-Stream-EMU,Emory University
1887-Songs1-EMU,Emory University
1887-Songs2-EMU,Emory University
1888-Gesang-EMU,Cranston & Curts
1888-Hymnst-EMU,Emory University
1888-Ournew-EMU,Emory University
1888-Royalp-EMU,Emory University
1888-Sabbat-EMU,Emory University
1888-Songso-EMU,Emory University
1892-Standa-EMU,Emory University
1889-Budsan-EMU,Emory University
1889-Christ-EMU,Emory University
1889-Cumber-EMU,Emory University
1889-Easte1-EMU,Emory University
1889-Evange-EMU,Emory University
1889-Gospel-EMU,Emory University
1889-Hymnan-EMU,Emory University
1889-Hymnsf-EMU,Emory University
1889-Missio-EMU,Emory University
1889-Newvoi-EMU,Emory University
1889-Ourhym-EMU,Emory University
1889-Sacred-EMU,Emory University
1889-Songge-EMU,Emory University
1889-Window-EMU,Emory University
188x-Songso-EMU,Emory University
1890-Christ-EMU,Emory University
1890-Mornin-EMU,Emory University
1890-Pureso-EMU,Emory University
1892-Reviva-EMU,Emory University
1890-YMCAgo-EMU,Emory University
1891-Bright-EMU,Emory University
1891-Select-EMU,Emory University
1891-Servic-EMU,Emory University
1891-Songsf-EMU,Emory University
1891-Soothi-EMU,Emory University
1892-Gabrie-EMU,Emory University
1892-Songso-EMU,Emory University
1892-Womans-EMU,Emory University
1892-Wordso-EMU,Emory University
1893-Epwort-EMU,Emory University
1893-Harpof-EMU,Emory University
1893-Hearts-EMU,Emory University
1893-Hymnso-EMU,Emory University
1893-Inhisn-EMU,Emory University
1893-Lifean-EMU,Emory University
1893-McInto-EMU,Emory University
1893-Messen-EMU,Emory University
1893-Musicf-EMU,Emory University
1893-Psalms-EMU,Emory University
1894-Blosso-EMU,Emory University
1894-Bright-EMU,Emory University
1894-Crowni-EMU,Emory University
1894-Lifean-EMU,Emory University
1894-Reviva-EMU,Emory University
1894-Select-EMU,Emory University
1895-Chris1-EMU,Emory University
1895-Glowin-EMU,Emory University
1895-Gospe1-EMU,Emory University
1895-Gospe2-EMU,Emory University
1897-Nation-EMU,Emory University
1897-Little-EMU,Emory University
1897-Wonder-EMU,Emory University
1898-Fillmo-EMU,Emory University
1899-Fillmo-EMU,Emory University
1898-Gospel-EMU,Emory University
1898-Happyv-EMU,Emory University
1898-Hymnbo-EMU,Emory University
190x-Missio-EMU,Emory University
1855-Liturg-BRU,Brown University
1859-Sacred-BRU,Brown University
1861-Contra-BRU,Brown University
1864-Lieder-BRU,Brown University
1864-Singvo-BRU,Brown University
1872-Happym-BRU,Brown University
1874-Songso-BRU,Brown University
1875-Songfr-BRU,Brown University
1888-Reviva-BRU,Brown University
1893-Collec-BRU,Brown University
1897-Spirit-BRU,Brown University
18xx-Funera-BRU,Brown University
1903-Fillmo-BRU,Brown University
1904-Worldf-BRU,Brown University
1908-Concor-BRU,Brown University
1911-Golden-BRU,Brown University
1911-Mostpo-BRU,Brown University
1912-Messen-BRU,Brown University
1912-Oldtim-BRU,Brown University
1912-Somecu-BRU,Brown University
1918-Darkey-BRU,Brown University
1918-Negros-BRU,Brown University
1918-Oldmel-BRU,Brown University
1920-Baptis-BRU,Brown University
1923-Ohthel-BRU,Brown University
1923-Spirit-BRU,Brown University
1924-Deepri-BRU,Brown University
1924-Wereyo-BRU,Brown University
1925-OLordI-BRU,Brown University
1925-TenNeg-BRU,Brown University
1850-Baptis-EMU,Emory University
190x-Nation-MTS,Middle Tennessee State University
19xx-Tobacc-MTS,Middle Tennessee State University
19xx-Godlea-MTS,Middle Tennessee State University
1932-Fortys-MTS,Middle Tennessee State University
192x-Gospel-MTS,Middle Tennessee State University
1928-Sparkl-MTS,Middle Tennessee State University
1928-Heaven-MTS,Middle Tennessee State University
1925-Womens-MTS,Middle Tennessee State University
1925-Winnin-MTS,Middle Tennessee State University
1925-Songs2-MTS,Middle Tennessee State University
1925-Songs1-MTS,Middle Tennessee State University
1925-Signal-MTS,Middle Tennessee State University
1926-Scelta-MTS,Middle Tennessee State University
1925-Musikl-MTS,Middle Tennessee State University
1925-Master-MTS,Middle Tennessee State University
1925-Living-MTS,Middle Tennessee State University
1925-Joybe2-MTS,Middle Tennessee State University
1925-Joybe1-MTS,Middle Tennessee State University
1925-Jehova-MTS,Middle Tennessee State University
1925-Instit-MTS,Middle Tennessee State University
1925-Heaven-MTS,Middle Tennessee State University
1925-Harbor-MTS,Middle Tennessee State University
1925-Aframe-MTS,Middle Tennessee State University
1924-Wonder-MTS,Middle Tennessee State University
1924-Songsf-MTS,Middle Tennessee State University
1924-Livin2-MTS,Middle Tennessee State University
1924-Livin1-MTS,Middle Tennessee State University
1924-Joytot-MTS,Middle Tennessee State University
1924-Hisvoi-MTS,Middle Tennessee State University
1924-Herald-MTS,Middle Tennessee State University
1924-Heave2-MTS,Middle Tennessee State University
1924-Heave1-MTS,Middle Tennessee State University
1924-Gospel-MTS,Middle Tennessee State University
1924-Easter-MTS,Middle Tennessee State University
1924-Collec-MTS,Middle Tennessee State University
1924-Christ-MTS,Middle Tennessee State University
1924-Allfor-MTS,Middle Tennessee State University
1923-Songla-MTS,Middle Tennessee State University
1923-Select-MTS,Middle Tennessee State University
1923-Newmel-MTS,Middle Tennessee State University
1923-Kingof-MTS,Middle Tennessee State University
1923-Junior-MTS,Middle Tennessee State University
1923-Callch-MTS,Middle Tennessee State University
1923-Awaken-MTS,Middle Tennessee State University
1922-Songso-MTS,Middle Tennessee State University
1922-Revive-MTS,Middle Tennessee State University
1922-Ninety-MTS,Middle Tennessee State University
1922-Hymnsw-MTS,Middle Tennessee State University
1922-Hallel-MTS,Middle Tennessee State University
1922-Glorys-MTS,Middle Tennessee State University
1922-Beulah-MTS,Middle Tennessee State University
1927-Vaugha-MTS,Middle Tennessee State University
1921-Songsf-MTS,Middle Tennessee State University
1921-Reviva-MTS,Middle Tennessee State University
1921-Musict-MTS,Middle Tennessee State University
1921-Glorye-MTS,Middle Tennessee State University
1921-Glorio-MTS,Middle Tennessee State University
1921-Elmhur-MTS,Middle Tennessee State University
1921-Alexan-MTS,Middle Tennessee State University
1920-Songs3-MTS,Middle Tennessee State University
1920-Songs1-MTS,Middle Tennessee State University
1920-Songan-MTS,Middle Tennessee State University
1920-Practi-MTS,Middle Tennessee State University
1920-Newper-MTS,Middle Tennessee State University
1920-Highwa-MTS,Middle Tennessee State University
1920-Heaven-MTS,Middle Tennessee State University
1918-Harves-MTS,Middle Tennessee State University
1920-Evange-MTS,Middle Tennessee State University
1920-Bellso-MTS,Middle Tennessee State University
1919-Trutha-MTS,Middle Tennessee State University
1919-Songso-MTS,Middle Tennessee State University
1919-Crowns-MTS,Middle Tennessee State University
1919-Carols-MTS,Middle Tennessee State University
1914-Victor-MTS,Middle Tennessee State University
1918-Towner-MTS,Middle Tennessee State University
1919-Shinin-MTS,Middle Tennessee State University
1918-Reviv2-MTS,Middle Tennessee State University
1918-Reviv1-MTS,Middle Tennessee State University
1918-Planta-MTS,Middle Tennessee State University
1918-Heaven-MTS,Middle Tennessee State University
1918-Gladne-MTS,Middle Tennessee State University
1918-Beauti-MTS,Middle Tennessee State University
1917-Servic-MTS,Middle Tennessee State University
1917-Praise-MTS,Middle Tennessee State University
1917-Nearth-MTS,Middle Tennessee State University
1917-Modern-MTS,Middle Tennessee State University
1917-Guidin-MTS,Middle Tennessee State University
1917-Glorye-MTS,Middle Tennessee State University
1917-Garden-MTS,Middle Tennessee State University
1917-Eureka-MTS,Middle Tennessee State University
1916-Praise-MTS,Middle Tennessee State University
1916-Gleane-MTS,Middle Tennessee State University
1916-Gladne-MTS,Middle Tennessee State University
1915-Soulwi-MTS,Middle Tennessee State University
1915-Songso-MTS,Middle Tennessee State University
1915-Immanu-MTS,Middle Tennessee State University
1915-Heaven-MTS,Middle Tennessee State University
1915-HamRam-MTS,Middle Tennessee State University
1915-Carolc-MTS,Middle Tennessee State University
1914-Tenles-MTS,Middle Tennessee State University
1914-Praise-MTS,Middle Tennessee State University
1914-Perenn-MTS,Middle Tennessee State University
1914-Eureka-MTS,Middle Tennessee State University
1913-Worlde-MTS,Middle Tennessee State University
1913-Redemp-MTS,Middle Tennessee State University
1913-Planta-MTS,Middle Tennessee State University
1913-Newson-MTS,Middle Tennessee State University
1913-Gospel-MTS,Middle Tennessee State University
1912-Window-MTS,Middle Tennessee State University
1912-Sunnys-MTS,Middle Tennessee State University
1912-Songso-MTS,Middle Tennessee State University
1912-Songan-MTS,Middle Tennessee State University
1912-Newrev-MTS,Middle Tennessee State University
1912-Harpof-MTS,Middle Tennessee State University
1912-Eureka-MTS,Middle Tennessee State University
1912-Alexan-MTS,Middle Tennessee State University
190x-Vaugha-MTS,Middle Tennessee State University
1911-Songso-MTS,Middle Tennessee State University
1911-Quarte-MTS,Middle Tennessee State University
1911-Jewels-MTS,Middle Tennessee State University
1911-Crowni-MTS,Middle Tennessee State University
1910-Voices-MTS,Middle Tennessee State University
1913-Happyv-MTS,Middle Tennessee State University
1909-Window-MTS,Middle Tennessee State University
1909-Newonw-MTS,Middle Tennessee State University
1909-Evange-MTS,Middle Tennessee State University
1909-Cumber-MTS,Middle Tennessee State University
1908-Twelft-MTS,Middle Tennessee State University
1908-Songso-MTS,Middle Tennessee State University
1908-Gesang-MTS,Middle Tennessee State University
1907-Select-MTS,Middle Tennessee State University
1907-Pilger-MTS,Middle Tennessee State University
1907-Patton-MTS,Middle Tennessee State University
1907-Organo-MTS,Middle Tennessee State University
1907-Happyd-MTS,Middle Tennessee State University
1907-Bestof-MTS,Middle Tennessee State University
1906-Starof-MTS,Middle Tennessee State University
1906-Mehrst-MTS,Middle Tennessee State University
1906-Living-MTS,Middle Tennessee State University
1906-Gladho-MTS,Middle Tennessee State University
1906-GVhymn-MTS,Middle Tennessee State University
1905-Winnow-MTS,Middle Tennessee State University
1905-Soulso-MTS,Middle Tennessee State University
1905-Songs2-MTS,Middle Tennessee State University
1905-Songs1-MTS,Middle Tennessee State University
1905-Eureka-MTS,Middle Tennessee State University
1904-Sunlig-MTS,Middle Tennessee State University
1904-Songso-MTS,Middle Tennessee State University
1904-Practi-MTS,Middle Tennessee State University
1904-Perrys-MTS,Middle Tennessee State University
1904-Living-MTS,Middle Tennessee State University
1903-Hymnso-MTS,Middle Tennessee State University
1902-Primit-MTS,Middle Tennessee State University
1902-Gemsfo-MTS,Middle Tennessee State University
1902-Favori-MTS,Middle Tennessee State University
1902-Bibles-MTS,Middle Tennessee State University
1901-Window-MTS,Middle Tennessee State University
1902-Songso-MTS,Middle Tennessee State University
1901-Psalms-MTS,Middle Tennessee State University
1901-Hymnso-MTS,Middle Tennessee State University
1900-Practi-MTS,Middle Tennessee State University
1900-Pentec-MTS,Middle Tennessee State University
1900-Gospel-MTS,Middle Tennessee State University
1900-Epwort-MTS,Middle Tennessee State University
1900-Dortch-MTS,Middle Tennessee State University
1899-Storyo-MTS,Middle Tennessee State University
1899-Psalms-MTS,Middle Tennessee State University
1899-Highwa-MTS,Middle Tennessee State University
1899-Gospel-MTS,Middle Tennessee State University
1898-Silver-MTS,Middle Tennessee State University
1898-Golden-MTS,Middle Tennessee State University
1898-Fillmo-MTS,Middle Tennessee State University
1897-Select-MTS,Middle Tennessee State University
1897-Seedso-MTS,Middle Tennessee State University
1897-Romanh-MTS,Middle Tennessee State University
1897-Anthem-MTS,Middle Tennessee State University
1896-Window-MTS,Middle Tennessee State University
1896-Anthem-MTS,Middle Tennessee State University
1895-Songof-MTS,Middle Tennessee State University
1895-Psalms-MTS,Middle Tennessee State University
1895-Dortch-MTS,Middle Tennessee State University
1894-Treble-MTS,Middle Tennessee State University
1894-PerleS-MTS,Middle Tennessee State University
1894-Lieder-MTS,Middle Tennessee State University
1893-Unfadi-MTS,Middle Tennessee State University
1893-Blessi-MTS,Middle Tennessee State University
1892-Whiter-MTS,Middle Tennessee State University
1892-Trieda-MTS,Middle Tennessee State University
1892-Songsa-MTS,Middle Tennessee State University
1892-Little-MTS,Middle Tennessee State University
1891-Cabina-MTS,Middle Tennessee State University
1889-Songso-MTS,Middle Tennessee State University
1889-Herber-MTS,Middle Tennessee State University
1888-Modern-MTS,Middle Tennessee State University
1888-Garner-MTS,Middle Tennessee State University
1888-Deutsc-MTS,Middle Tennessee State University
1887-Triump-MTS,Middle Tennessee State University
1887-Songso-MTS,Middle Tennessee State University
1887-Musica-MTS,Middle Tennessee State University
1887-Empire-MTS,Middle Tennessee State University
1886-Flower-MTS,Middle Tennessee State University
1885-McPhai-MTS,Middle Tennessee State University
1885-Herber-MTS,Middle Tennessee State University
1884-Lieder-MTS,Middle Tennessee State University
1884-Englis-MTS,Middle Tennessee State University
1883-Hallel-MTS,Middle Tennessee State University
1882-Tribut-MTS,Middle Tennessee State University
1882-Songso-MTS,Middle Tennessee State University
1882-Lieder-MTS,Middle Tennessee State University
1882-Davids-MTS,Middle Tennessee State University
1881-Hearta-MTS,Middle Tennessee State University
1881-Gemofg-MTS,Middle Tennessee State University
1880-Undert-MTS,Middle Tennessee State University
1880-Gateso-MTS,Middle Tennessee State University
1878-Univer-MTS,Middle Tennessee State University
1878-Precio-MTS,Middle Tennessee State University
1878-Heaven-MTS,Middle Tennessee State University
1878-Harves-MTS,Middle Tennessee State University
1877-Songso-MTS,Middle Tennessee State University
1876-Spirit-MTS,Middle Tennessee State University
1876-Songhe-MTS,Middle Tennessee State University
1874-Songer-MTS,Middle Tennessee State University
1874-Melodi-MTS,Middle Tennessee State University
1874-Corone-MTS,Middle Tennessee State University
1874-Cabina-MTS,Middle Tennessee State University
1873-Manner-MTS,Middle Tennessee State University
1872-Puredi-MTS,Middle Tennessee State University
1871-Truesi-MTS,Middle Tennessee State University
1871-Crowno-MTS,Middle Tennessee State University
1871-Charmc-MTS,Middle Tennessee State University
1870-WestVi-MTS,Middle Tennessee State University
1870-Sacred-MTS,Middle Tennessee State University
1869-Christ-MTS,Middle Tennessee State University
1867-Songso-MTS,Middle Tennessee State University
1867-Jugend-MTS,Middle Tennessee State University
1867-Chants-MTS,Middle Tennessee State University
1864-Devoti-MTS,Middle Tennessee State University
1860-Church-MTS,Middle Tennessee State University
1859-Songsf-MTS,Middle Tennessee State University
1854-Church-MTS,Middle Tennessee State University
1853-Timbre-MTS,Middle Tennessee State University
1853-Harpof-MTS,Middle Tennessee State University
1852-Romber-MTS,Middle Tennessee State University
1850-Golden-MTS,Middle Tennessee State University
1843-Manual-MTS,Middle Tennessee State University
1833-Select-UTL,University of Tulsa
1846-Cherok-UTL,University of Tulsa
1860-Maskok-UTL,University of Tulsa
1866-Cherok-UTL,University of Tulsa
1875-Gospel-UTL,University of Tulsa
1880-Nakcok-UTL,University of Tulsa
188x-Mvskok-UTL,University of Tulsa
1887-Gospel-UTL,University of Tulsa
1892-Nusdvu-UTL,University of Tulsa
1906-Tsalag-UTL,University of Tulsa
1910-Baptis-UTL,University of Tulsa
1917-Mvskok-UTL,University of Tulsa
1920-Hallel-UTL,University of Tulsa
1926-Nakcok-UTL,University of Tulsa
1847-Sacred-SBT,Southern Baptist Theological Seminary
1851-Songso-SBT,Southern Baptist Theological Seminary
1853-Hymnsf-SBT,Southern Baptist Theological Seminary
1854-Sweets-SBT,Southern Baptist Theological Seminary
1856-Simple-SBT,Southern Baptist Theological Seminary
1857-Annive-SBT,Southern Baptist Theological Seminary
1859-HymnsF-SBT,Southern Baptist Theological Seminary
1860-Hymnss-SBT,Southern Baptist Theological Seminary
1862-Sunday-SBT,Southern Baptist Theological Seminary
1865-Sunday-SBT,Southern Baptist Theological Seminary
1867-Gladti-SBT,Southern Baptist Theological Seminary
1870-Vocali-SBT,Southern Baptist Theological Seminary
1871-Linton-SBT,Southern Baptist Theological Seminary
1871-NewChr-SBT,Southern Baptist Theological Seminary
1873-NewBa2-SBT,Southern Baptist Theological Seminary
1878-Newgos-SBT,Southern Baptist Theological Seminary
1881-Nearer-SBT,Southern Baptist Theological Seminary
1897-Select-SBT,Southern Baptist Theological Seminary
186x-Little-SBT,Southern Baptist Theological Seminary
1865-Newcel-SBT,Southern Baptist Theological Seminary
190x-Callne-SBT,Southern Baptist Theological Seminary
1894-Hymnss-SBT,Southern Baptist Theological Seminary
1919-Whenmi-SBT,Southern Baptist Theological Seminary
1884-Kleine-SBT,Southern Baptist Theological Seminary
1887-Hymnsn-SBT,Southern Baptist Theological Seminary
1888-Favori-SBT,Southern Baptist Theological Seminary
1889-Stouth-SBT,Southern Baptist Theological Seminary
1891-Choice-SBT,Southern Baptist Theological Seminary
1891-Hymnsn-SBT,Southern Baptist Theological Seminary
1892-Manly1-SBT,Southern Baptist Theological Seminary
1892-Manly2-SBT,Southern Baptist Theological Seminary
1895-Dawnin-SBT,Southern Baptist Theological Seminary
1895-Spirit-SBT,Southern Baptist Theological Seminary
1899-Salvat-SBT,Southern Baptist Theological Seminary
1900-Church-SBT,Southern Baptist Theological Seminary
1900-Sacre1-SBT,Southern Baptist Theological Seminary
1901-Lastin-SBT,Southern Baptist Theological Seminary
1901-Sunday-SBT,Southern Baptist Theological Seminary
1902-Sacred-SBT,Southern Baptist Theological Seminary
1904-Praise-SBT,Southern Baptist Theological Seminary
1905-Newson-SBT,Southern Baptist Theological Seminary
1908-Gemsof-SBT,Southern Baptist Theological Seminary
1908-Progra-SBT,Southern Baptist Theological Seminary
1909-Melodi-SBT,Southern Baptist Theological Seminary
1909-Newglo-SBT,Southern Baptist Theological Seminary
1909-Primit-SBT,Southern Baptist Theological Seminary
1909-Singet-SBT,Southern Baptist Theological Seminary
1909-Starof-SBT,Southern Baptist Theological Seminary
1912-Bestre-SBT,Southern Baptist Theological Seminary
1913-Emanue-SBT,Southern Baptist Theological Seminary
1913-Songsa-SBT,Southern Baptist Theological Seminary
1914-Songso-SBT,Southern Baptist Theological Seminary
1914-Studen-SBT,Southern Baptist Theological Seminary
1915-Kingof-SBT,Southern Baptist Theological Seminary
1915-Redemp-SBT,Southern Baptist Theological Seminary
1915-Songha-SBT,Southern Baptist Theological Seminary
1918-Northf-SBT,Southern Baptist Theological Seminary
1919-Hesju1-SBT,Southern Baptist Theological Seminary
1919-Hesju2-SBT,Southern Baptist Theological Seminary
1920-Gospel-SBT,Southern Baptist Theological Seminary
1923-Silver-SBT,Southern Baptist Theological Seminary
1924-Ourjoy-SBT,Southern Baptist Theological Seminary
1925-Hymnso-SBT,Southern Baptist Theological Seminary
1925-KingJe-SBT,Southern Baptist Theological Seminary
1925-Singhi-SBT,Southern Baptist Theological Seminary
1931-Evange-SBT,Southern Baptist Theological Seminary
1931-Glorio-SBT,Southern Baptist Theological Seminary
1857-Notesa-SBT,Southern Baptist Theological Seminary
1888-Temple-SBT,Southern Baptist Theological Seminary
1900-Newson-SBT,Southern Baptist Theological Seminary
1900-Sacre2-SBT,Southern Baptist Theological Seminary
1905-Psalli-SBT,Southern Baptist Theological Seminary
19xx-Robins-SBT,Southern Baptist Theological Seminary
1903-Hymnso-SBT,Southern Baptist Theological Seminary
1908-Reviva-SBT,Southern Baptist Theological Seminary
1911-Harpof-SBT,Southern Baptist Theological Seminary
1911-Newson-SBT,Southern Baptist Theological Seminary
1914-Glorio-SBT,Southern Baptist Theological Seminary
1916-Gospel-SBT,Southern Baptist Theological Seminary
1919-Hymnso-SBT,Southern Baptist Theological Seminary
1919-Majest-SBT,Southern Baptist Theological Seminary
1929-Souli1-SBT,Southern Baptist Theological Seminary
1929-Souli2-SBT,Southern Baptist Theological Seminary
1924-Gospel-SBT,Southern Baptist Theological Seminary
1924-Gracea-SBT,Southern Baptist Theological Seminary
1924-Songpr-SBT,Southern Baptist Theological Seminary
1925-Christ-SBT,Southern Baptist Theological Seminary
1910-Reviva-SBT,Southern Baptist Theological Seminary
1873-Amaran-UKY,University of Kentucky
1900-Beauti-UKY,University of Kentucky
1914-Carmin-UKY,University of Kentucky
1871-Songki-UKY,University of Kentucky
1874-Hallow-UKY,University of Kentucky
1878-Hymna2-UKY,University of Kentucky
1879-Hourso-UKY,University of Kentucky
1890-Finest-UKY,University of Kentucky
1843-Dupuys-UKY,University of Kentucky
1850-Hymnsf-UKY,University of Kentucky
1851-Christ-UKY,University of Kentucky
1858-Christ-UKY,University of Kentucky
1866-Christ-UKY,University of Kentucky
1872-Collec-UKY,University of Kentucky
1872-Gloryc-UKY,University of Kentucky
1878-Hymna1-UKY,University of Kentucky
1895-Voice2-UKY,University of Kentucky
1925-Bookof-UKY,University of Kentucky
1853-Shawml-UKY,University of Kentucky
1870-NewChr-UKY,University of Kentucky
1871-Sparkl-UKY,University of Kentucky
1872-Hymnso-UKY,University of Kentucky
1886-Carolb-UKY,University of Kentucky
1894-Tearsa-UKY,University of Kentucky
1897-Tearsa-UKY,University of Kentucky
1902-Singin-UKY,University of Kentucky
1906-Creamo-UKY,University of Kentucky
1909-Briefh-UKY,University of Kentucky
1915-Soulst-UKY,University of Kentucky
1919-Navyso-UKY,University of Kentucky
1921-Waveso-UKY,University of Kentucky
1875-Choira-UKY,University of Kentucky
1882-Christ-UKY,University of Kentucky
1885-Christ-UKY,University of Kentucky
1898-Crowni-UKY,University of Kentucky
1901-Planta-UKY,University of Kentucky
1908-Crowni-UKY-deprecated,University of Kentucky
1911-Neweva-UKY,University of Kentucky
1917-Nobody-UKY,University of Kentucky
1918-Bigqua-UKY,University of Kentucky
1918-ChantN-UKY,University of Kentucky
1919-Things-UKY,University of Kentucky
1924-Fiftye-UKY,University of Kentucky
1925-Twelve-UKY,University of Kentucky
1926-Dontle-UKY,University of Kentucky
192x-Wonder-UKY,University of Kentucky
1877-Choice-UKY,University of Kentucky
1878-Gabrie-UKY,University of Kentucky
1881-Crowno-UKY,University of Kentucky
1883-Christ-UKY,University of Kentucky
1892-Founta-UKY,University of Kentucky
1895-Christ-UKY,University of Kentucky
1907-Fiftyt-UKY,University of Kentucky
1908-Crowni-UKY,University of Kentucky
1911-Greate-UKY,University of Kentucky
1916-Golden-UKY,University of Kentucky
1916-Gospel-UKY,University of Kentucky
1922-Firstb-UKY,University of Kentucky
1873-Hermon-UKY,University of Kentucky
1879-Joytow-UKY,University of Kentucky
1881-Greatj-UKY,University of Kentucky
1882-Hourso-UKY,University of Kentucky
1884-Gospel-UKY,University of Kentucky
1887-Harves-UKY,University of Kentucky
1889-Neuekl-UKY,University of Kentucky
1890-Evange-UKY,University of Kentucky
1892-Garner-UKY,University of Kentucky
1894-Himnar-UKY,University of Kentucky
1901-Hymnso-UKY,University of Kentucky
1903-Joyful-UKY,University of Kentucky
1910-Gospel-UKY,University of Kentucky
1911-Hymnso-UKY,University of Kentucky
1924-Fullgo-UKY,University of Kentucky
1859-Pastor-UKY,University of Kentucky
1874-Palmer-UKY,University of Kentucky
1879-Newcho-UKY,University of Kentucky
1880-Sharon-UKY,University of Kentucky
1886-Newsta-UKY,University of Kentucky
1887-NewChr-UKY,University of Kentucky
1891-Perenn-UKY,University of Kentucky
1894-Newlif-UKY,University of Kentucky
1895-Newtun-UKY,University of Kentucky
1899-Notes1-UKY,University of Kentucky
1907-NewChr-UKY,University of Kentucky
1925-Realiz-UKY,University of Kentucky
1853-Prairi-UKY,University of Kentucky
1851-Christ-UMI,University of Michigan
1858-Harmon-UMI,University of Michigan
1858-Jubile-UMI,University of Michigan
1861-Soldie-UMI,University of Michigan
1867-Slaves-UMI,University of Michigan
1871-Harmon-UMI,University of Michigan
1872-Brethr-UMI,University of Michigan
1872-Jubile-UMI,University of Michigan
1878-Himnar-UMI,University of Michigan
1878-Keepin-UMI,University of Michigan
1880-Gospel-UMI,University of Michigan
1880-Dontyo-UMI,University of Michigan
1880-Risemy-UMI,University of Michigan
1880-Waitmy-UMI,University of Michigan
1881-Gospel-UMI,University of Michigan
1882-Songso-UMI,University of Michigan
1884-Goodti-UMI,University of Michigan
1884-Select-UMI,University of Michigan
1887-Gospel-UMI,University of Michigan
1894-Spirit-UMI,University of Michigan
1895-Gospel-UMI,University of Michigan
1897-Songso-UMI,University of Michigan
1898-Chorus-UMI,University of Michigan
1850-Southe-EMU,Emory University
1853-Americ-EMU,Emory University
1872-Palmer-EMU,Emory University
1875-Collec-EMU,Emory University
1877-Royalf-EMU,Emory University
1879-Carmin-EMU,Emory University
1884-Beauty-EMU,Emory University
1884-Gemsof-EMU,Emory University
1884-Jesus2-EMU,Emory University
1886-Newli2-EMU,Emory University
1887-Battle-EMU,Emory University
1887-Dainty-EMU,Emory University
1887-Gladev-EMU,Emory University
1887-Glorya-EMU,Emory University
1887-Harves-EMU,Emory University
1887-Loving-EMU,Emory University
192x-Worsh1-EMU,Emory University
1890-Pearls-EMU,Emory University
1890-Anthem-EMU,Emory University
1892-Gospel-EMU,Emory University
1892-Songla-EMU,Emory University
1893-Hymnst-EMU,Emory University
1894-Sunshi-EMU,Emory University
1895-Caroli-EMU,Emory University
1895-Celest-EMU,Emory University
1896-Bellso-EMU,Emory University
1896-Bestst-EMU,Emory University
1896-Crowni-EMU,Emory University
1896-Fillmo-EMU,Emory University
1896-Sacred-EMU,Emory University
1896-Sunlig-EMU,Emory University
1896-Uplift-EMU,Emory University
1897-Corona-EMU,Emory University
1897-Fillmo-EMU,Emory University
1897-Gospe1-EMU,Emory University
1897-Gospe2-EMU,Emory University
1897-Reviva-EMU,Emory University
1897-Songla-EMU,Emory University
1897-Songso-EMU,Emory University
1899-Gospe1-EMU,Emory University
1899-Gospe2-EMU,Emory University
1899-Hymnal-EMU,Emory University
1900-Childr-EMU,Emory University
1900-Nation-EMU,Emory University
1900-Newhar-EMU,Emory University
1900-Ourtha-EMU,Emory University
1900-Palace-EMU,Emory University
1900-Salvat-EMU,Emory University
1900-Songss-EMU,Emory University
1900-Vaugha-EMU,Emory University
1901-Aggres-EMU,Emory University
1901-Eureka-EMU,Emory University
1901-Fillm1-EMU,Emory University
1901-Fillm2-EMU,Emory University
1901-Hackle-EMU,Emory University
1901-Kirche-EMU,Emory University
1901-Manlyp-EMU,Emory University
1901-Newpsa-EMU,Emory University
1901-Youngp-EMU,Emory University
1902-Crowno-EMU,Emory University
1902-Eleven-EMU,Emory University
1902-Joyful-EMU,Emory University
1902-Living-EMU,Emory University
1902-Onwing-EMU,Emory University
1904-Gemsno-EMU,Emory University
1904-Perfec-EMU,Emory University
1904-Temper-EMU,Emory University
1905-Hymnso-EMU,Emory University
1905-Lobede-EMU,Emory University
1905-Reviva-EMU,Emory University
1905-Songsf-EMU,Emory University
1905-Youngp-EMU,Emory University
1906-Golden-EMU,Emory University
1906-Gospel-EMU,Emory University
1906-Hymna1-EMU,Emory University
1906-Hymna2-EMU,Emory University
1906-Jesuss-EMU,Emory University
1906-Lastin-EMU,Emory University
1906-Sevent-EMU,Emory University
1907-Bestof-EMU,Emory University
1907-Gospel-EMU,Emory University
1907-Himnar-EMU,Emory University
1907-Hymnso-EMU,Emory University
1907-Specia-EMU,Emory University
1907-Standa-EMU,Emory University
1907-Sunday-EMU,Emory University
1908-Chris1-EMU,Emory University
1908-Victor-EMU,Emory University
1909-Precio-EMU,Emory University
1915-Worldw-EMU,Emory University
1925-SaintH-EMU,Emory University
1925-Songs2-EMU,Emory University
1927-Spirit-EMU,Emory University
1850-Sacred-EMU,Emory University
1851-Songso-EMU,Emory University
1854-Outlin-EMU,Emory University
1859-Psalms-EMU,Emory University
1868-Baptis-EMU,Emory University
1889-Easte2-EMU,Emory University
1892-Zionsm-EMU,Emory University
1894-Choice-EMU,Emory University
1900-Manual-EMU,Emory University
1901-Electr-EMU,Emory University
1901-Popula-EMU,Emory University
1901-Standa-EMU,Emory University
1902-Crowni-EMU,Emory University
1902-Fillmo-EMU,Emory University
1902-Tearsa-EMU,Emory University
1903-Bellso-EMU,Emory University
1903-Echoes-EMU,Emory University
1903-Nation-EMU,Emory University
1903-Reviva-EMU,Emory University
1904-Baptis-EMU,Emory University
1904-Glorio-EMU,Emory University
1905-Fillmo-EMU,Emory University
1905-Gloria-EMU,Emory University
1905-Method-EMU,Emory University
1905-Salvat-EMU,Emory University
1907-Truthi-EMU,Emory University
1908-Alexa1-EMU,Emory University
1908-Alexa2-EMU,Emory University
1908-Chris2-EMU,Emory University
1908-Crowni-EMU,Emory University
1908-Friend-EMU,Emory University
1908-Fullof-EMU,Emory University
1908-Hymnsa-EMU,Emory University
1908-Joyand-EMU,Emory University
1908-Oliver-EMU,Emory University
1908-Sbirka-EMU,Emory University
1908-Songso-EMU,Emory University
1912-Songso-EMU,Emory University
1908-Songse-EMU,Emory University
1909-Christ-EMU,Emory University
1909-Method-EMU,Emory University
1909-Newhym-EMU,Emory University
1909-Servic-EMU,Emory University
1909-Tillma-EMU,Emory University
1909-Unionh-EMU,Emory University
1909-Vaugha-EMU,Emory University
1910-Assemb-EMU,Emory University
1910-Exulta-EMU,Emory University
1910-Missio-EMU,Emory University
1910-Reviva-EMU,Emory University
1910-Songsf-EMU,Emory University
1910-Songst-EMU,Emory University
1910-Victor-EMU,Emory University
1911-Evange-EMU,Emory University
1911-Himnar-EMU,Emory University
1911-Newson-EMU,Emory University
1910-Psalms-EMU,Emory University
1911-Songso-EMU,Emory University
1911-Spirit-EMU,Emory University
1911-Youngp-EMU,Emory University
1912-Charmi-EMU,Emory University
1912-Evange-EMU,Emory University
1912-Hearth-EMU,Emory University
1912-Little-EMU,Emory University
1912-Newlyr-EMU,Emory University
1912-Sacred-EMU,Emory University
1912-Songs1-EMU,Emory University
1912-Songs2-EMU,Emory University
1912-Songs3-EMU,Emory University
1912-Songs4-EMU,Emory University
1912-Sunday-EMU,Emory University
1913-Loyalt-EMU,Emory University
1913-Ourcho-EMU,Emory University
1913-Planta-EMU,Emory University
1913-Sacred-EMU,Emory University
1914-CrownH-EMU,Emory University
1914-Downat-EMU,Emory University
1914-Hymnso-EMU,Emory University
1914-Immanu-EMU,Emory University
1914-Newsac-EMU,Emory University
1914-Onehun-EMU,Emory University
1914-Praise-EMU,Emory University
1915-Crowns-EMU,Emory University
1915-Gospel-EMU,Emory University
1915-Herald-EMU,Emory University
1915-Praise-EMU,Emory University
1915-Select-EMU,Emory University
1915-Songs1-EMU,Emory University
1915-Songs2-EMU,Emory University
1915-Songs3-EMU,Emory University
1915-Sparkl-EMU,Emory University
1916-Childs-EMU,Emory University
1916-Happyg-EMU,Emory University
1916-Hispra-EMU,Emory University
1916-Montre-EMU,Emory University
1916-Newhar-EMU,Emory University
1916-Select-EMU,Emory University
1916-Songso-EMU,Emory University
1916-Treasu-EMU,Emory University
1917-Evange-EMU,Emory University
1917-Hymnar-EMU,Emory University
1917-Lifean-EMU,Emory University
1917-Missio-EMU,Emory University
1917-Select-EMU,Emory University
1917-Songso-EMU,Emory University
1917-Treasu-EMU,Emory University
1917-Wonder-EMU,Emory University
1918-Echoes-EMU,Emory University
1918-Popula-EMU,Emory University
1918-Reviva-EMU,Emory University
1918-Rodehe-EMU,Emory University
1918-Temple-EMU,Emory University
1918-Tribut-EMU,Emory University
1918-Worldr-EMU,Emory University
1919-Founda-EMU,Emory University
1919-Hampto-EMU,Emory University
1919-Highwa-EMU,Emory University
1919-Hymnal-EMU,Emory University
1919-Reviva-EMU,Emory University
1919-Sacred-EMU,Emory University
191x-Canaan-EMU,Emory University
191x-Confer-EMU,Emory University
191x-Diadem-EMU,Emory University
191x-Favori-EMU,Emory University
191x-Gospel-EMU,Emory University
191x-Reviva-EMU,Emory University
1920-Songs1-EMU,Emory University
1920-Songs2-EMU,Emory University
1921-Church-EMU,Emory University
1921-Gospel-EMU,Emory University
1921-Greats-EMU,Emory University
1921-Kingdo-EMU,Emory University
1921-Reviva-EMU,Emory University
1921-Songsa-EMU,Emory University
1922-Hymnso-EMU,Emory University
1922-Junior-EMU,Emory University
1922-Marchi-EMU,Emory University
1922-Reviva-EMU,Emory University
1922-Songso-EMU,Emory University
1922-Tellin-EMU,Emory University
1922-Victo1-EMU,Emory University
1923-Bright-EMU,Emory University
1923-Chapel-EMU,Emory University
1923-Choice-EMU,Emory University
1923-Crownb-EMU,Emory University
1923-Evange-EMU,Emory University
1923-Gospel-EMU,Emory University
1923-Hosann-EMU,Emory University
1923-Method-EMU,Emory University
1923-Praise-EMU,Emory University
1923-Rodehe-EMU,Emory University
1923-Search-EMU,Emory University
1923-Servic-EMU,Emory University
1923-Songso-EMU,Emory University
1924-Baptis-EMU,Emory University
1924-Bestre-EMU,Emory University
1924-Christ-EMU,Emory University
1924-Harves-EMU,Emory University
1924-Praise-EMU,Emory University
1925-Colema-EMU,Emory University
1925-Faithi-EMU,Emory University
1925-Gloryc-EMU,Emory University
1925-Homego-EMU,Emory University
1925-Little-EMU,Emory University
1925-Sacred-EMU,Emory University
1925-Songs1-EMU,Emory University
1868-Silver-UKY,University of Kentucky
1876-NewHar-UKY,University of Kentucky
1879-Shinin-UKY,University of Kentucky
1886-Royalp-UKY,University of Kentucky
1895-Salvat-UKY,University of Kentucky
1896-Praise-UKY,University of Kentucky
1896-Reviva-UKY,University of Kentucky
1899-Sacred-UKY,University of Kentucky
1911-Redemp-UKY,University of Kentucky
1919-Praise-UKY,University of Kentucky
1873-Sunshi-UKY,University of Kentucky
1875-Starry-UKY,University of Kentucky
1883-Spirit-UKY,University of Kentucky
1885-Zionso-UKY,University of Kentucky
1896-Soulwi-UKY,University of Kentucky
1903-Standa-UKY,University of Kentucky
1910-Zionme-UKY,University of Kentucky
1911-Spirit-UKY,University of Kentucky
1912-Songcr-UKY,University of Kentucky
1918-Victor-UKY,University of Kentucky
1923-Songso-UKY,University of Kentucky
1895-Voice1-UKY,University of Kentucky
1897-Songsf-UKY,University of Kentucky
1897-Unionh-UKY,University of Kentucky
1901-Youngp-UKY,University of Kentucky
1921-Worldw-UKY,University of Kentucky
1923-Cokesb-UKY,University of Kentucky
1891-Christ-UKY,University of Kentucky
1916-Lyricd-EMU,Emory University
1903-Musica-EMU,Emory University
1851-Chahta-EMU,Emory University
1858-Sunday-EMU,Emory University
1862-Soldie-EMU,Emory University
1863-Soldie-EMU,Emory University
1864-Sabbat-EMU,Emory University
1864-Armyhy-EMU,Emory University
1878-Nation-EMU,Emory University
1877-Geschi-EMU,Emory University
1882-Collec-EMU,Emory University
1887-Nation-EMU,Emory University
1892-Hampto-EMU,Emory University
1895-Poems-EMU,Emory University
1898-Africa-EMU,Emory University
1899-Hymnbo-EMU,Emory University
188x-Songse-EMU,Emory University
18xx-Jubile-EMU,Emory University
1900-Songso-EMU,Emory University
1901-Pearls-EMU,Emory University
1905-Negroe-EMU,Emory University
1907-Calhou-EMU,Emory University
1909-Calhou-EMU,Emory University
1909-Religi-EMU,Emory University
1910-Burnin-EMU,Emory University
1913-Hymnal-EMU,Emory University
1914-AfroAm-EMU,Emory University
1915-Songso-EMU,Emory University
1916-Afterf-EMU,Emory University
191x-Praise-EMU,Emory University
1921-Univer-EMU,Emory University
1923-Nation-EMU,Emory University
192x-JRosam-EMU,Emory University
1928-Americ-EMU,Emory University
19xx-Americ-EMU,Emory University
19xx-Himnos-EMU,Emory University
xxxx-Keepmy-EMU,Emory University
xxxx-Select-EMU,Emory University
189x-Songss-EMU,Emory University
19xx-Thisbo-EMU,Emory University
1906-Newpra-MTS,Middle Tennessee State University
1921-Salvat-MTS,Middle Tennessee State University
1893-Spirit-MTS,Middle Tennessee State University
1897-Riches-MTS,Middle Tennessee State University
1910-Tearsa-MTS,Middle Tennessee State University
1900-Gemsxx-MTS,Middle Tennessee State University
1905-Gleani-MTS,Middle Tennessee State University
1923-Cheerf-MTS,Middle Tennessee State University
1921-Gospe2-MTS,Middle Tennessee State University
1899-Reviva-MTS,Middle Tennessee State University
1904-Resurr-MTS,Middle Tennessee State University
1881-Gospel-MTS,Middle Tennessee State University
1907-Reviva-MTS,Middle Tennessee State University
1900-Fillmo-MTS,Middle Tennessee State University
1902-Songsf-MTS,Middle Tennessee State University
1897-Psalms-MTS,Middle Tennessee State University
1899-Gladti-MTS,Middle Tennessee State University
1900-Bright-MTS,Middle Tennessee State University
1895-Showal-MTS,Middle Tennessee State University
1922-Echoes-MTS,Middle Tennessee State University
1925-Comple-MTS,Middle Tennessee State University
1906-Vaugha-MTS,Middle Tennessee State University
1909-Gospel-MTS,Middle Tennessee State University
xxxx-Worldf-MTS,Middle Tennessee State University
1912-Joyful-MTS,Middle Tennessee State University
1919-Tiding-MTS,Middle Tennessee State University
1922-Bethle-MTS,Middle Tennessee State University
1921-Fromth-MTS,Middle Tennessee State University
1905-Search-MTS,Middle Tennessee State University
1892-Highwa-MTS,Middle Tennessee State University
1891-Childr-MTS,Middle Tennessee State University
1906-Oldsto-MTS,Middle Tennessee State University
1916-Tiding-MTS,Middle Tennessee State University
1900-Gloryc-MTS,Middle Tennessee State University
1903-Joyful-MTS,Middle Tennessee State University
1900-Sunday-MTS,Middle Tennessee State University
1923-Eightn-MTS,Middle Tennessee State University
1923-Christ-MTS,Middle Tennessee State University
1894-Shiloh-MTS,Middle Tennessee State University
1890-Gemsan-MTS,Middle Tennessee State University
1923-NewHar-MTS,Middle Tennessee State University
1886-Noteso-MTS,Middle Tennessee State University
1863-Church-MTS,Middle Tennessee State University
1877-Newcas-MTS,Middle Tennessee State University
1873-Triump-MTS,Middle Tennessee State University
1885-Noteso-MTS,Middle Tennessee State University
1892-Glorio-MTS,Middle Tennessee State University
1866-Christ-MTS,Middle Tennessee State University
1857-Church-MTS,Middle Tennessee State University
1847-Collec-EMU,Emory University
1849-Sacred-EMU,Emory University
1855-Collec-EMU,Emory University
1859-Collec-EMU,Emory University
1860-Baptis-EMU,Emory University
1874-Fillmo-EMU,Emory University
1882-Sweetf-EMU,Emory University
1890-Gladev-EMU,Emory University
1891-Pearls-EMU,Emory University
1895-Gospel-EMU,Emory University
1895-Chris2-EMU,Emory University
1896-Classc-EMU,Emory University
1899-Oldpla-EMU,Emory University
19xx-Gospe1-EMU,Emory University
19xx-Gospe2-EMU,Emory University
1901-Hymnal-EMU,Emory University
1901-Junior-EMU,Emory University
1901-Showal-EMU,Emory University
1904-Pathwa-EMU,Emory University
1909-Songso-EMU,Emory University
191x-Hymnsf-EMU,Emory University
1910-Sacred-EMU,Emory University
1914-Newgos-EMU,Emory University
1916-Worshi-EMU,Emory University
1922-Victo2-EMU,Emory University
1925-Excell-EMU,Emory University
192x-Songsf-EMU,Emory University
1911-Sacred-EMU,Emory University
1852-Psalms-UKY,University of Kentucky
1860-Sabbat-UKY,University of Kentucky
1860-Select-UKY,University of Kentucky
1867-Taboro-UKY,University of Kentucky
1874-Gospel-UKY,University of Kentucky
1880-Popula-UKY,University of Kentucky
1889-Starof-UKY,University of Kentucky
1889-Voiceo-UKY,University of Kentucky
1899-Songso-UKY,University of Kentucky
1908-Christ-UKY,University of Kentucky
1909-Songso-UKY,University of Kentucky
1925-Hymnso-UKY,University of Kentucky
1853-Dyersp-UKY,University of Kentucky
1860-Sacred-UKY,University of Kentucky
1866-Tefilo-UKY,University of Kentucky
1905-Twenty-UKY,University of Kentucky
1913-Eureka-UKY,University of Kentucky
1919-Hampto-UKY,University of Kentucky
191x-Americ-UKY,University of Kentucky
1921-Elmhur-UKY,University of Kentucky
1908-Bethan-MTS,Middle Tennessee State University
1909-Breado-MTS,Middle Tennessee State University
1910-Kingsp-MTS,Middle Tennessee State University
1913-Praise-MTS,Middle Tennessee State University
1921-Gospe1-MTS,Middle Tennessee State University
1922-Hispra-MTS,Middle Tennessee State University
1924-Shinin-MTS,Middle Tennessee State University
1925-Blesse-MTS,Middle Tennessee State University
1875-Gospel-UMI,University of Michigan
1885-Epwort-UMI,University of Michigan
1891-Epwort-UMI,University of Michigan
1863-Soldie-UMI,University of Michigan
1864-Fillmo-UMI,University of Michigan
1866-Tefilo-UMI,University of Michigan
1872-Golden-UMI,University of Michigan
1879-Lieder-UMI,University of Michigan
1866-Singin-UMI,University of Michigan
1854-Nation-UMI,University of Michigan
1878-Gospel-UMI,University of Michigan
1919-Shouty-UMI,University of Michigan
1860-Christ-UMI,University of Michigan
1905-Method-UMI,University of Michigan
1890-Evange-UMI,University of Michigan
1888-Glorio-UMI,University of Michigan
1851-Psalmi-UMI,University of Michigan
1867-Slave1-UMI,University of Michigan
1867-Slave2-UMI,University of Michigan
1873-Joyaco-UMI,University of Michigan
1885-Wondro-UMI,University of Michigan
1890-Noteso-UMI,University of Michigan
1909-Songso-UMI,University of Michigan
1918-Hampto-UMI,University of Michigan
1921-Gospel-UMI,University of Michigan
192X-Americ-UMI,University of Michigan
1854-Hymnsf-UKY,University of Kentucky
1854-Southe-UKY,University of Kentucky
1871-Israel-UKY,University of Kentucky
1883-Gospel-UKY,University of Kentucky
1886-Workan-UKY,University of Kentucky
1892-Living-UKY,University of Kentucky
1899-Notes2-UKY,University of Kentucky
1899-Reviva-UKY,University of Kentucky
1901-Malequ-UKY,University of Kentucky
1910-Alexan-UKY,University of Kentucky
1829-Chahta-UTL,University of Tulsa
1829-Cherok-UTL,University of Tulsa
1835-Shorts-UTL,University of Tulsa
1835-Triump-UTL,University of Tulsa
1854-Cherok-UTL,University of Tulsa
1858-Chahta-UTL,University of Tulsa
1866-Potewa-UTL,University of Tulsa
1888-Cherok-UTL,University of Tulsa
1892-Shirai-SBT,Southern Baptist Theological Seminary
1901-Gospe1-SBT,Southern Baptist Theological Seminary
1917-Synago-SBT,Southern Baptist Theological Seminary
1845-Southe-SBT,Southern Baptist Theological Seminary
1857-Sacred-SBT,Southern Baptist Theological Seminary
1872-Chocta-SBT,Southern Baptist Theological Seminary
1885-Wondro-SBT,Southern Baptist Theological Seminary
1895-Gospel-SBT,Southern Baptist Theological Seminary
1897-Riches-SBT,Southern Baptist Theological Seminary
1874-Fillmo-SBT,Southern Baptist Theological Seminary
1875-Gospel-SBT,Southern Baptist Theological Seminary
1879-Favori-SBT,Southern Baptist Theological Seminary
1887-Jubile-SBT,Southern Baptist Theological Seminary
1892-Glorio-SBT,Southern Baptist Theological Seminary
1897-Gantvo-SBT,Southern Baptist Theological Seminary
1898-Fillmo-SBT,Southern Baptist Theological Seminary
1901-Gospe2-SBT,Southern Baptist Theological Seminary
1909-Minist-SBT,Southern Baptist Theological Seminary
1910-Reviva-SBT,Southern Baptist Theological Seminary
1922-Praise-SBT,Southern Baptist Theological Seminary
1925-Harbor-SBT,Southern Baptist Theological Seminary
1890-Gemsan-SBT,Southern Baptist Theological Seminary
1850-Rurals-BRU,Brown University
1858-Prayer-BRU,Brown University
1861-NeuerL-BRU,Brown University
1863-Collec-BRU,Brown University
1867-Dedica-BRU,Brown University
1869-Childs-BRU,Brown University
1873-Vocalc-BRU,Brown University
1875-Singin-BRU,Brown University
1876-Psalte-BRU,Brown University
1877-Transl-BRU,Brown University
1888-Reviva-BRU,Brown University
1891-Melodi-BRU,Brown University
1897-Poetic-BRU,Brown University
1898-Tedeum-BRU,Brown University
18xx-LibbyP-BRU,Brown University
1900-Crowni-BRU,Brown University
1904-Bestgo-BRU,Brown University
1906-Sonsof-BRU,Brown University
1911-Hymnfo-BRU,Brown University
1913-Mensgo-BRU,Brown University
1914-Gladpr-BRU,Brown University
1915-Search-BRU,Brown University
1916-Hitthe-BRU,Brown University
1917-Hymnf1-BRU,Brown University
1918-Mother-BRU,Brown University
1843-Church-BRU,Brown University
1867-Christ-BRU,Brown University
1868-Hymnst-BRU,Brown University
1872-Voiceo-BRU,Brown University
1875-Angels-BRU,Brown University
1876-Progra-BRU,Brown University
1877-Twelft-BRU,Brown University
1880-Jubile-BRU,Brown University
1880-Origin-BRU,Brown University
1885-Fewmor-BRU,Brown University
1888-Masoni-BRU,Brown University
1893-Conqu2-BRU,Brown University
1894-Bringt-BRU,Brown University
1900-Songsf-BRU,Brown University
1905-Mymoth-BRU,Brown University
1905-Withhe-BRU,Brown University
1910-Kingsm-BRU,Brown University
1912-Exhor1-BRU,Brown University
1914-PilotT-BRU,Brown University
1916-Deepri-BRU,Brown University
1917-Albumo-BRU,Brown University
1918-Childr-BRU,Brown University
1919-Dontbe-BRU,Brown University
1922-Gospel-BRU,Brown University
1861-Soldi2-BRU,Brown University
1844-Hymnbo-UKY,University of Kentucky
1851-Psalmi-UKY,University of Kentucky
1854-Psalmi-UKY,University of Kentucky
1854-Singer-UKY,University of Kentucky
1865-Christ-UKY,University of Kentucky
1867-Psalms-UKY,University of Kentucky
1887-Gospel-UKY,University of Kentucky
1899-Tearsa-UKY,University of Kentucky
1908-Bookof-UKY,University of Kentucky
1921-Temple-UKY,University of Kentucky
185x-Annive-SBT,Southern Baptist Theological Seminary
1898-Lieder-SBT,Southern Baptist Theological Seminary
1845-Select-EMU,Emory University
1873-Vocalt-EMU,Emory University
1916-Newson-EMU,Emory University
192x-Gospel-EMU,Emory University
1849-Virgin-MTS,Middle Tennessee State University
1850-Timbre-MTS,Middle Tennessee State University
1854-Social-MTS,Middle Tennessee State University
1855-Sabbat-MTS,Middle Tennessee State University
1856-Congre-MTS,Middle Tennessee State University
191x-Reviva-MTS,Middle Tennessee State University
1861-Pilgri-MTS,Middle Tennessee State University
185x-Theres-MTS,Middle Tennessee State University
1924-Gospel-UKY,University of Kentucky
1848-Hesper-EMU,Emory University
1851-Nakcok-EMU,Emory University
1875-Himnos-EMU,Emory University
1925-Mellow-EMU,Emory University
1925-Temple-EMU,Emory University
1881-Temper-MTS,Middle Tennessee State University
1892-WideAw-MTS,Middle Tennessee State University
1898-Aposto-MTS,Middle Tennessee State University
1903-Eureka-MTS,Middle Tennessee State University
1907-Bealls-MTS,Middle Tennessee State University
1908-Silver-MTS,Middle Tennessee State University
1870-Prizex-SBT,Southern Baptist Theological Seminary
1906-SongEv-SBT,Southern Baptist Theological Seminary
1907-Folks1-SBT,Southern Baptist Theological Seminary
1907-Folks2-SBT,Southern Baptist Theological Seminary
1915-Alexan-SBT,Southern Baptist Theological Seminary
1915-Gospel-SBT,Southern Baptist Theological Seminary
1857-Primit-UKY,University of Kentucky
1876-Polish-UKY,University of Kentucky
189x-Hallss-UKY,University of Kentucky
1909-Gospel-UKY,University of Kentucky
1925-NewSon-UKY,University of Kentucky
1859-Oriol1-BRU,Brown University
1860-Deutsc-BRU,Brown University
1873-Bibles-BRU,Brown University
1873-Spirit-BRU,Brown University
1879-Corona-BRU,Brown University
1881-NoranI-BRU,Brown University
1884-Tuskeg-BRU,Brown University
1885-Harves-BRU,Brown University
1890-Positi-BRU,Brown University
1895-Gospel-BRU,Brown University
1899-Songsa-BRU,Brown University
18xx-Whispe-BRU,Brown University
1900-Recita-BRU,Brown University
1901-OLordo-BRU,Brown University
1903-SweetH-BRU,Brown University
1906-Edenec-BRU,Brown University
1909-Cherok-BRU,Brown University
1909-Sevens-BRU,Brown University
1915-Hymnal-BRU,Brown University
1916-Diamon-BRU,Brown University
1916-MySavi-BRU,Brown University
1918-Newvic-BRU,Brown University
1923-UnionH-BRU,Brown University
1890-Singer-EMU,Emory University
1859-Narrat-UMI,University of Michigan
1891-Otterb-UMI,University of Michigan
1882-Songsf-UMI,University of Michigan
1879-Gospel-UMI,University of Michigan
1877-Grandc-UMI,University of Michigan
