ssdl:pid,ssdl:notation
1850-Missou-EMU,Four-shape
1850-Missou-EMU,Four-shape
1852-Collec-EMU,Nil
1852-Peters-EMU,Round
1852-Reviva-EMU,Nil
1853-Temple-EMU,Nil
1853-Wester-EMU,Seven-shape Johnson
1885-Gospel-EMU,Seven-shape Aikin
1855-Sacred-EMU,Numeral
1855-Vocalm-EMU,Round
1857-Hymnss-EMU,Nil
1857-Kirche-EMU,Nil
1858-Sacred-EMU,Nil
1859-Songso-EMU,Nil
1859-Southe-EMU,Nil
1859-Wesley-EMU,Round
1860-Evange-EMU,Nil
1860-Hymnis-EMU,Round
1860-Oriola-EMU,Round
1860-Unionh-EMU,Round
1861-Psalms-EMU,Nil
1869-Specim-EMU,Nil
1862-Hymnsf-EMU,Nil
1864-Confed-EMU,Nil
1865-Musica-EMU,Round
1867-Golden-EMU,Round
1867-Violet-EMU,Round;Numeral staff
1868-Chapel-EMU,Round
1868-Eclect-EMU,Nil
1868-Hymnsa-EMU,Round
1868-School-EMU,Nil
1868-Shinin-EMU,Round
1869-Songsf-EMU,Round
1871-Christ-EMU,Round
1871-Kindwo-EMU,Round
1872-Harfen-EMU,Round
1872-Newhar-EMU,Numeral staff;Round
1873-Fruits-EMU,Seven-shape Walker
1873-Hymnsf-EMU,Nil
1873-Songsf-EMU,Round
1874-Bookof-EMU,Round
1874-Contri-EMU,Round
1874-Everys-EMU,Round
1874-Golden-EMU,Round
1874-Palmof-EMU,Round
1876-Bibles-EMU,Round
1875-Devoti-EMU,Nil
1875-Gospel-EMU,Round
1876-Melodi-EMU,Seven-shape Funk
1876-Storyo-EMU,Round
1877-Jasper-EMU,Round
1877-Mornin-EMU,Round
1877-Newmel-EMU,Seven-shape Aikin
1878-Golden-EMU,Round
1878-Gospe1-EMU,Round
1878-Gospe2-EMU,Round
1878-Helpin-EMU,Round
1878-Hymnal-EMU,Round
1878-Lastwo-EMU,Seven-shape Aikin
1878-Revivi-EMU,Nil
1878-Tiding-EMU,Round
1879-Bapti2-EMU,Round
1879-Primit-EMU,Round
1879-Sacred-EMU,Nil
1879-Songvi-EMU,Round
1879-Wreath-EMU,Round
1880-Childr-EMU,Round
1880-Hymnsx-EMU,Nil
1880-Joyand-EMU,Round
1880-Newhy1-EMU,Round
1880-Newhy2-EMU,Nil
1880-Songse-EMU,Round
1912-Tribut-EMU,Seven-shape Aikin
1881-Evange-EMU,Round
1881-Himnar-EMU,Round
1881-Redeem-EMU,Round
1881-Twilig-EMU,Round
1882-Gracea-EMU,Round
1882-Juveni-EMU,Round
1882-NewChr-EMU,Round
1882-Psalms-EMU,Round
1882-Realmo-EMU,Round
1882-Singin-EMU,Round
1883-Better-EMU,Round
1883-Bookof-EMU,Round
1883-Duplex-EMU,Round
1883-Holyvo-EMU,Round
1883-Lovean-EMU,Seven-shape Aikin
1883-Purede-EMU,Round
1883-Select-EMU,Round
1883-Shaker-EMU,Round
1883-Songso-EMU,Round
1883-Teache-EMU,Round
1883-Triune-EMU,Seven-shape Aikin
1883-Voiceo-EMU,Round
1884-Congre-EMU,Numeral staff
1884-Consol-EMU,Round
1884-Everla-EMU,Round
1884-Gospel-EMU,Round
1884-Gratef-EMU,Round
1884-Harves-EMU,Round
1884-Hymnbo-EMU,Nil
1884-Jesus1-EMU,Round
1884-Ourson-EMU,Round
1884-Praise-EMU,Numeral staff
1884-Sabbat-EMU,Seven-shape Aikin
1884-Temple-EMU,Seven-shape Aikin
1885-Freshf-EMU,Round
1885-Golden-EMU,Round
1885-Holyma-EMU,Round
1885-Lofzan-EMU,Round
1885-Popula-EMU,Round
1885-Revise-EMU,Nil
1885-Zionso-EMU,Seven-shape Aikin
1886-Carols-EMU,Round
1886-Childr-EMU,Round
1890-Gospel-EMU,Round;Numeral staff
1886-Greata-EMU,Round
1886-Joyand-EMU,Round
1886-Newli1-EMU,Nil
1886-Stream-EMU,Round
1887-Songs1-EMU,Numeral staff
1887-Songs2-EMU,Numeral staff
1888-Gesang-EMU,Nil
1888-Hymnst-EMU,Seven-shape Aikin
1888-Ournew-EMU,Seven-shape Aikin
1888-Royalp-EMU,Round
1888-Sabbat-EMU,Round
1888-Songso-EMU,Round
1892-Standa-EMU,Round
1889-Budsan-EMU,Round
1889-Christ-EMU,Round
1889-Cumber-EMU,Round
1889-Easte1-EMU,Round
1889-Evange-EMU,Nil
1889-Gospel-EMU,Round
1889-Hymnan-EMU,Seven-shape Aikin
1889-Hymnsf-EMU,Nil
1889-Missio-EMU,Round
1889-Newvoi-EMU,Round
1889-Ourhym-EMU,Nil
1889-Sacred-EMU,Round
1889-Songge-EMU,Seven-shape Aikin
1889-Window-EMU,Round
188x-Songso-EMU,Round
1890-Christ-EMU,Round
1890-Mornin-EMU,Round
1890-Pureso-EMU,Round
1892-Reviva-EMU,Round
1890-YMCAgo-EMU,Round
1891-Bright-EMU,Round
1891-Select-EMU,Nil
1891-Servic-EMU,Round
1891-Songsf-EMU,Round
1891-Soothi-EMU,Round
1892-Gabrie-EMU,Round
1892-Songso-EMU,Round
1892-Womans-EMU,
1892-Wordso-EMU,Seven-shape Aikin
1893-Epwort-EMU,Round
1893-Harpof-EMU,Round;Seven-shape Hood
1893-Hearts-EMU,Round
1893-Hymnso-EMU,Round
1893-Inhisn-EMU,Round
1893-Lifean-EMU,Round
1893-McInto-EMU,Round
1893-Messen-EMU,Round
1893-Musicf-EMU,Round;Seven-shape Hood
1893-Psalms-EMU,Seven-shape Aikin
1894-Blosso-EMU,Round
1894-Bright-EMU,Round
1894-Crowni-EMU,Round
1894-Lifean-EMU,Round
1894-Reviva-EMU,Round
1894-Select-EMU,Round
1895-Chris1-EMU,Round
1895-Glowin-EMU,Seven-shape Aikin
1895-Gospe1-EMU,Round
1895-Gospe2-EMU,Round
1897-Nation-EMU,Round
1897-Little-EMU,Round
1897-Wonder-EMU,Round
1898-Fillmo-EMU,Round
1899-Fillmo-EMU,Round
1898-Gospel-EMU,Round
1898-Happyv-EMU,Round
1898-Hymnbo-EMU,Nil
190x-Missio-EMU,Round;Seven-shape Aikin
1855-Liturg-BRU,Nil
1859-Sacred-BRU,Round
1861-Contra-BRU,Nil
1864-Lieder-BRU,
1864-Singvo-BRU,
1872-Happym-BRU,Nil
1874-Songso-BRU,Nil
1875-Songfr-BRU,Nil
1888-Reviva-BRU,
1893-Collec-BRU,
1897-Spirit-BRU,Nil
18xx-Funera-BRU,Nil
1903-Fillmo-BRU,
1904-Worldf-BRU,Round
1908-Concor-BRU,
1911-Golden-BRU,
1911-Mostpo-BRU,Round
1912-Messen-BRU,
1912-Oldtim-BRU,Seven-shape Aikin
1912-Somecu-BRU,Nil
1918-Darkey-BRU,Round
1918-Negros-BRU,Round
1918-Oldmel-BRU,
1920-Baptis-BRU,Nil
1923-Ohthel-BRU,Round
1923-Spirit-BRU,
1924-Deepri-BRU,Round
1924-Wereyo-BRU,Round
1925-OLordI-BRU,Round
1925-TenNeg-BRU,
1850-Baptis-EMU,
190x-Nation-MTS,
19xx-Tobacc-MTS,
19xx-Godlea-MTS,
1932-Fortys-MTS,Round
192x-Gospel-MTS,Round;Seven-shape Aikin
1928-Sparkl-MTS,Seven-shape Aikin
1928-Heaven-MTS,Seven-shape Aikin
1925-Womens-MTS,Round
1925-Winnin-MTS,Seven-shape Aikin
1925-Songs2-MTS,Round
1925-Songs1-MTS,Seven-shape Aikin
1925-Signal-MTS,Seven-shape Aikin
1926-Scelta-MTS,Seven-shape Aikin
1925-Musikl-MTS,Round
1925-Master-MTS,Round
1925-Living-MTS,Round
1925-Joybe2-MTS,Seven-shape Aikin
1925-Joybe1-MTS,Seven-shape Aikin
1925-Jehova-MTS,Round
1925-Instit-MTS,Round
1925-Heaven-MTS,Seven-shape Aikin
1925-Harbor-MTS,Seven-shape Aikin
1925-Aframe-MTS,Round
1924-Wonder-MTS,Round
1924-Songsf-MTS,Round
1924-Livin2-MTS,Seven-shape Aikin
1924-Livin1-MTS,Seven-shape Aikin
1924-Joytot-MTS,Seven-shape Aikin
1924-Hisvoi-MTS,Seven-shape Aikin
1924-Herald-MTS,Seven-shape Aikin
1924-Heave2-MTS,Seven-shape Aikin
1924-Heave1-MTS,Seven-shape Aikin
1924-Gospel-MTS,Seven-shape Aikin
1924-Easter-MTS,Round
1924-Collec-MTS,Round
1924-Christ-MTS,Seven-shape Aikin
1924-Allfor-MTS,Seven-shape Aikin
1923-Songla-MTS,Seven-shape Aikin
1923-Select-MTS,Seven-shape Aikin
1923-Newmel-MTS,Seven-shape Aikin
1923-Kingof-MTS,Round
1923-Junior-MTS,Round
1923-Callch-MTS,Seven-shape Aikin
1923-Awaken-MTS,Seven-shape Aikin
1922-Songso-MTS,Seven-shape Aikin
1922-Revive-MTS,Round
1922-Ninety-MTS,Seven-shape Aikin;Round
1922-Hymnsw-MTS,Round
1922-Hallel-MTS,Seven-shape Aikin
1922-Glorys-MTS,Seven-shape Aikin
1922-Beulah-MTS,Seven-shape Aikin
1927-Vaugha-MTS,Seven-shape Aikin
1921-Songsf-MTS,Round
1921-Reviva-MTS,Seven-shape Aikin
1921-Musict-MTS,Seven-shape Aikin
1921-Glorye-MTS,Seven-shape Aikin
1921-Glorio-MTS,Seven-shape Aikin
1921-Elmhur-MTS,Round
1921-Alexan-MTS,Round
1920-Songs3-MTS,Round
1920-Songs1-MTS,Round
1920-Songan-MTS,Seven-shape Aikin
1920-Practi-MTS,Seven-shape Aikin
1920-Newper-MTS,Round
1920-Highwa-MTS,Seven-shape Aikin
1920-Heaven-MTS,Seven-shape Aikin
1918-Harves-MTS,Seven-shape Aikin
1920-Evange-MTS,Seven-shape Aikin
1920-Bellso-MTS,Seven-shape Aikin
1919-Trutha-MTS,Seven-shape Aikin
1919-Songso-MTS,Seven-shape Aikin
1919-Crowns-MTS,Seven-shape Aikin
1919-Carols-MTS,Seven-shape Aikin
1914-Victor-MTS,Seven-shape Aikin
1918-Towner-MTS,Round
1919-Shinin-MTS,Seven-shape Aikin
1918-Reviv2-MTS,Round
1918-Reviv1-MTS,Seven-shape Aikin
1918-Planta-MTS,Round
1918-Heaven-MTS,Seven-shape Aikin
1918-Gladne-MTS,Seven-shape Aikin
1918-Beauti-MTS,Seven-shape Aikin
1917-Servic-MTS,Round
1917-Praise-MTS,Seven-shape Aikin
1917-Nearth-MTS,Seven-shape Aikin
1917-Modern-MTS,Seven-shape Aikin
1917-Guidin-MTS,Seven-shape Aikin
1917-Glorye-MTS,Seven-shape Aikin
1917-Garden-MTS,Seven-shape Aikin;Round
1917-Eureka-MTS,Seven-shape Aikin
1916-Praise-MTS,Seven-shape Aikin
1916-Gleane-MTS,Seven-shape Aikin
1916-Gladne-MTS,Seven-shape Aikin
1915-Soulwi-MTS,Seven-shape Aikin
1915-Songso-MTS,Round
1915-Immanu-MTS,Seven-shape Aikin
1915-Heaven-MTS,Seven-shape Aikin
1915-HamRam-MTS,Round
1915-Carolc-MTS,Seven-shape Aikin
1914-Tenles-MTS,Round;Seven-shape Aikin
1914-Praise-MTS,Round
1914-Perenn-MTS,Seven-shape Aikin
1914-Eureka-MTS,Seven-shape Aikin
1913-Worlde-MTS,Seven-shape Aikin
1913-Redemp-MTS,Seven-shape Aikin
1913-Planta-MTS,Round
1913-Newson-MTS,Seven-shape Aikin
1913-Gospel-MTS,Seven-shape Aikin
1912-Window-MTS,Seven-shape Aikin
1912-Sunnys-MTS,Seven-shape Aikin
1912-Songso-MTS,Round
1912-Songan-MTS,Round
1912-Newrev-MTS,Seven-shape Aikin
1912-Harpof-MTS,Seven-shape Aikin
1912-Eureka-MTS,Seven-shape Aikin
1912-Alexan-MTS,Round
190x-Vaugha-MTS,Seven-shape Aikin
1911-Songso-MTS,Seven-shape Aikin
1911-Quarte-MTS,Seven-shape Aikin
1911-Jewels-MTS,Round
1911-Crowni-MTS,Seven-shape Aikin
1910-Voices-MTS,Seven-shape Aikin
1913-Happyv-MTS,Seven-shape Aikin
1909-Window-MTS,Seven-shape Aikin
1909-Newonw-MTS,Seven-shape Aikin
1909-Evange-MTS,Round
1909-Cumber-MTS,Seven-shape Aikin
1908-Twelft-MTS,Round
1908-Songso-MTS,Round;Seven-shape Aikin
1908-Gesang-MTS,
1907-Select-MTS,Round
1907-Pilger-MTS,Round
1907-Patton-MTS,Seven-shape Aikin
1907-Organo-MTS,Round
1907-Happyd-MTS,Round
1907-Bestof-MTS,Seven-shape Aikin
1906-Starof-MTS,Seven-shape Aikin
1906-Mehrst-MTS,Round
1906-Living-MTS,Seven-shape Aikin
1906-Gladho-MTS,Seven-shape Aikin
1906-GVhymn-MTS,Seven-shape Aikin
1905-Winnow-MTS,Seven-shape Aikin
1905-Soulso-MTS,Round
1905-Songs2-MTS,Seven-shape Aikin
1905-Songs1-MTS,Round
1905-Eureka-MTS,Seven-shape Aikin
1904-Sunlig-MTS,Seven-shape Aikin
1904-Songso-MTS,Round
1904-Practi-MTS,Seven-shape Aikin
1904-Perrys-MTS,Seven-shape Aikin
1904-Living-MTS,Seven-shape Aikin
1903-Hymnso-MTS,Round
1902-Primit-MTS,Seven-shape Aikin
1902-Gemsfo-MTS,Seven-shape Aikin
1902-Favori-MTS,Round
1902-Bibles-MTS,Seven-shape Aikin
1901-Window-MTS,Seven-shape Aikin
1902-Songso-MTS,Seven-shape Aikin
1901-Psalms-MTS,Nil
1901-Hymnso-MTS,Round
1900-Practi-MTS,Round
1900-Pentec-MTS,Seven-shape Aikin
1900-Gospel-MTS,Round
1900-Epwort-MTS,Round
1900-Dortch-MTS,Round
1899-Storyo-MTS,Round
1899-Psalms-MTS,Seven-shape Aikin
1899-Highwa-MTS,Round
1899-Gospel-MTS,Round
1898-Silver-MTS,Round
1898-Golden-MTS,Round
1898-Fillmo-MTS,Round
1897-Select-MTS,Seven-shape Aikin
1897-Seedso-MTS,Round
1897-Romanh-MTS,Round
1897-Anthem-MTS,Round
1896-Window-MTS,Seven-shape Aikin
1896-Anthem-MTS,Round
1895-Songof-MTS,Round
1895-Psalms-MTS,Seven-shape Aikin
1895-Dortch-MTS,Seven-shape Aikin
1894-Treble-MTS,Round
1894-PerleS-MTS,Round
1894-Lieder-MTS,Round
1893-Unfadi-MTS,Round
1893-Blessi-MTS,Seven-shape Aikin
1892-Whiter-MTS,Round
1892-Trieda-MTS,Round
1892-Songsa-MTS,Round
1892-Little-MTS,Round
1891-Cabina-MTS,Round
1889-Songso-MTS,Round
1889-Herber-MTS,Round
1888-Modern-MTS,Round
1888-Garner-MTS,Round
1888-Deutsc-MTS,Round
1887-Triump-MTS,Round
1887-Songso-MTS,Round
1887-Musica-MTS,Round
1887-Empire-MTS,Round
1886-Flower-MTS,Round
1885-McPhai-MTS,Round
1885-Herber-MTS,Round
1884-Lieder-MTS,Round
1884-Englis-MTS,Round
1883-Hallel-MTS,Round
1882-Tribut-MTS,Round
1882-Songso-MTS,Round
1882-Lieder-MTS,Nil
1882-Davids-MTS,Round
1881-Hearta-MTS,Round
1881-Gemofg-MTS,Round
1880-Undert-MTS,Round
1880-Gateso-MTS,Round
1878-Univer-MTS,Nil
1878-Precio-MTS,Round
1878-Heaven-MTS,Round
1878-Harves-MTS,Round
1877-Songso-MTS,Numeral staff
1876-Spirit-MTS,Round
1876-Songhe-MTS,Round
1874-Songer-MTS,Round
1874-Melodi-MTS,Round
1874-Corone-MTS,Seven-shape Funk
1874-Cabina-MTS,Round
1873-Manner-MTS,Round
1872-Puredi-MTS,Round
1871-Truesi-MTS,Round
1871-Crowno-MTS,Round
1871-Charmc-MTS,Round
1870-WestVi-MTS,Seven-shape Funk
1870-Sacred-MTS,Four-shape
1869-Christ-MTS,Nil
1867-Songso-MTS,Round
1867-Jugend-MTS,Round
1867-Chants-MTS,Round
1864-Devoti-MTS,Round
1860-Church-MTS,Round
1859-Songsf-MTS,Round
1854-Church-MTS,Nil
1853-Timbre-MTS,Seven-shape Aikin
1853-Harpof-MTS,Four-shape
1852-Romber-MTS,Round
1850-Golden-MTS,Round
1843-Manual-MTS,Round
1833-Select-UTL,Nil
1846-Cherok-UTL,Round
1860-Maskok-UTL,Nil
1866-Cherok-UTL,Round
1875-Gospel-UTL,Round
1880-Nakcok-UTL,Nil
188x-Mvskok-UTL,Nil
1887-Gospel-UTL,Seven-shape Aikin
1892-Nusdvu-UTL,Nil
1906-Tsalag-UTL,Nil
1910-Baptis-UTL,Nil
1917-Mvskok-UTL,Nil
1920-Hallel-UTL,Seven-shape Aikin
1926-Nakcok-UTL,Nil
1847-Sacred-SBT,Round
1851-Songso-SBT,Nil
1853-Hymnsf-SBT,Nil
1854-Sweets-SBT,Nil
1856-Simple-SBT,Nil
1857-Annive-SBT,Round
1859-HymnsF-SBT,Nil
1860-Hymnss-SBT,Nil
1862-Sunday-SBT,Nil
1865-Sunday-SBT,Nil
1867-Gladti-SBT,Round
1870-Vocali-SBT,Round
1871-Linton-SBT,Round
1871-NewChr-SBT,Numeral
1873-NewBa2-SBT,Seven-shape Aikin
1878-Newgos-SBT,Round
1881-Nearer-SBT,Round
1897-Select-SBT,Round;Seven-shape Hood
186x-Little-SBT,Nil
1865-Newcel-SBT,Nil
190x-Callne-SBT,Seven-shape Aikin;Round
1894-Hymnss-SBT,Nil
1919-Whenmi-SBT,Round
1884-Kleine-SBT,
1887-Hymnsn-SBT,Round
1888-Favori-SBT,Round;Numeral staff
1889-Stouth-SBT,Nil
1891-Choice-SBT,Nil
1891-Hymnsn-SBT,Round
1892-Manly1-SBT,Nil
1892-Manly2-SBT,Round
1895-Dawnin-SBT,Seven-shape Aikin
1895-Spirit-SBT,Round
1899-Salvat-SBT,Round
1900-Church-SBT,Round
1900-Sacre1-SBT,Round
1901-Lastin-SBT,Round
1901-Sunday-SBT,Round
1902-Sacred-SBT,Seven-shape Aikin
1904-Praise-SBT,Round
1905-Newson-SBT,
1908-Gemsof-SBT,Round
1908-Progra-SBT,Round
1909-Melodi-SBT,Round;Seven-shape Aikin
1909-Newglo-SBT,
1909-Primit-SBT,Round
1909-Singet-SBT,
1909-Starof-SBT,Round
1912-Bestre-SBT,Round
1913-Emanue-SBT,Seven-shape Aikin
1913-Songsa-SBT,Round
1914-Songso-SBT,Round;Seven-shape Aikin
1914-Studen-SBT,Round
1915-Kingof-SBT,Round
1915-Redemp-SBT,Seven-shape Aikin
1915-Songha-SBT,Seven-shape Aikin
1918-Northf-SBT,
1919-Hesju1-SBT,Round
1919-Hesju2-SBT,Round
1920-Gospel-SBT,Seven-shape Aikin
1923-Silver-SBT,Seven-shape Aikin
1924-Ourjoy-SBT,Seven-shape Aikin
1925-Hymnso-SBT,
1925-KingJe-SBT,Round
1925-Singhi-SBT,Round;Seven-shape Aikin
1931-Evange-SBT,Round
1931-Glorio-SBT,
1857-Notesa-SBT,Nil
1888-Temple-SBT,Round
1900-Newson-SBT,
1900-Sacre2-SBT,Seven-shape Aikin
1905-Psalli-SBT,Round
19xx-Robins-SBT,Seven-shape Aikin
1903-Hymnso-SBT,Round
1908-Reviva-SBT,Round
1911-Harpof-SBT,Seven-shape Aikin
1911-Newson-SBT,Round
1914-Glorio-SBT,Seven-shape Aikin
1916-Gospel-SBT,Seven-shape Aikin
1919-Hymnso-SBT,Round
1919-Majest-SBT,Seven-shape Aikin
1929-Souli1-SBT,Round
1929-Souli2-SBT,Seven-shape Aikin
1924-Gospel-SBT,Seven-shape Aikin
1924-Gracea-SBT,Round;Seven-shape Aikin
1924-Songpr-SBT,Seven-shape Aikin
1925-Christ-SBT,Round
1910-Reviva-SBT,Seven-shape Aikin
1873-Amaran-UKY,Round
1900-Beauti-UKY,Round
1914-Carmin-UKY,Round
1871-Songki-UKY,
1874-Hallow-UKY,Round
1878-Hymna2-UKY,Round
1879-Hourso-UKY,Round
1890-Finest-UKY,Round
1843-Dupuys-UKY,Nil
1850-Hymnsf-UKY,Nil
1851-Christ-UKY,Numeral
1858-Christ-UKY,Nil
1866-Christ-UKY,Nil
1872-Collec-UKY,Nil
1872-Gloryc-UKY,Round
1878-Hymna1-UKY,Nil
1895-Voice2-UKY,Seven-shape Aikin
1925-Bookof-UKY,Round
1853-Shawml-UKY,Round
1870-NewChr-UKY,Round;Numeral staff;Eureka clef
1871-Sparkl-UKY,Round
1872-Hymnso-UKY,
1886-Carolb-UKY,Round
1894-Tearsa-UKY,Seven-shape Aikin;Round
1897-Tearsa-UKY,Round
1902-Singin-UKY,Seven-shape Aikin
1906-Creamo-UKY,Round
1909-Briefh-UKY,Round
1915-Soulst-UKY,Seven-shape Aikin
1919-Navyso-UKY,Round
1921-Waveso-UKY,
1875-Choira-UKY,Round
1882-Christ-UKY,Round
1885-Christ-UKY,Nil
1898-Crowni-UKY,Round
1901-Planta-UKY,Round
1908-Crowni-UKY-deprecated,
1911-Neweva-UKY,Round
1917-Nobody-UKY,Round
1918-Bigqua-UKY,Seven-shape Aikin
1918-ChantN-UKY,Round
1919-Things-UKY,Round
1924-Fiftye-UKY,Round
1925-Twelve-UKY,Round;Numeral
1926-Dontle-UKY,Round
192x-Wonder-UKY,Seven-shape Aikin
1877-Choice-UKY,Nil
1878-Gabrie-UKY,Seven-shape Aikin
1881-Crowno-UKY,Seven-shape Aikin
1883-Christ-UKY,Round
1892-Founta-UKY,Seven-shape Aikin
1895-Christ-UKY,Round
1907-Fiftyt-UKY,Nil
1908-Crowni-UKY,Round
1911-Greate-UKY,Seven-shape Aikin
1916-Golden-UKY,Seven-shape Aikin
1916-Gospel-UKY,Round
1922-Firstb-UKY,Round
1873-Hermon-UKY,Round
1879-Joytow-UKY,Round
1881-Greatj-UKY,Round
1882-Hourso-UKY,Seven-shape Aikin
1884-Gospel-UKY,Round
1887-Harves-UKY,Round
1889-Neuekl-UKY,
1890-Evange-UKY,Round
1892-Garner-UKY,Round
1894-Himnar-UKY,
1901-Hymnso-UKY,Round
1903-Joyful-UKY,Seven-shape Aikin
1910-Gospel-UKY,Round
1911-Hymnso-UKY,Round
1924-Fullgo-UKY,Round;Seven-shape Aikin
1859-Pastor-UKY,Round
1874-Palmer-UKY,Round
1879-Newcho-UKY,Round
1880-Sharon-UKY,
1886-Newsta-UKY,Seven-shape Aikin
1887-NewChr-UKY,Round
1891-Perenn-UKY,Round
1894-Newlif-UKY,Round
1895-Newtun-UKY,Round
1899-Notes1-UKY,Round
1907-NewChr-UKY,Round
1925-Realiz-UKY,Round
1853-Prairi-UKY,Round
1851-Christ-UMI,Seven-shape Aikin
1858-Harmon-UMI,Seven-shape Funk
1858-Jubile-UMI,
1861-Soldie-UMI,Nil
1867-Slaves-UMI,Round
1871-Harmon-UMI,Seven-shape Funk
1872-Brethr-UMI,Seven-shape Funk
1872-Jubile-UMI,Round
1878-Himnar-UMI,
1878-Keepin-UMI,Round
1880-Gospel-UMI,Round
1880-Dontyo-UMI,Round
1880-Risemy-UMI,Round
1880-Waitmy-UMI,Round
1881-Gospel-UMI,Round
1882-Songso-UMI,Seven-shape Hood
1884-Goodti-UMI,Seven-shape Aikin
1884-Select-UMI,Round
1887-Gospel-UMI,Round
1894-Spirit-UMI,Round;Seven-shape Aikin
1895-Gospel-UMI,Round
1897-Songso-UMI,Round
1898-Chorus-UMI,Round
1850-Southe-EMU,Four-shape
1853-Americ-EMU,Four-shape
1872-Palmer-EMU,Round
1875-Collec-EMU,Nil
1877-Royalf-EMU,Round
1879-Carmin-EMU,Round
1884-Beauty-EMU,Round
1884-Gemsof-EMU,Nil
1884-Jesus2-EMU,Round
1886-Newli2-EMU,Round
1887-Battle-EMU,Round
1887-Dainty-EMU,Round
1887-Gladev-EMU,Seven-shape Aikin
1887-Glorya-EMU,Numeral staff
1887-Harves-EMU,Seven-shape Aikin
1887-Loving-EMU,Round
192x-Worsh1-EMU,Round
1890-Pearls-EMU,Seven-shape Aikin
1890-Anthem-EMU,Round
1892-Gospel-EMU,Seven-shape Aikin
1892-Songla-EMU,Round
1893-Hymnst-EMU,Nil
1894-Sunshi-EMU,Round
1895-Caroli-EMU,Round;Seven-shape Aikin
1895-Celest-EMU,Round
1896-Bellso-EMU,Seven-shape Aikin
1896-Bestst-EMU,Round
1896-Crowni-EMU,Round
1896-Fillmo-EMU,Round
1896-Sacred-EMU,Round
1896-Sunlig-EMU,Round;Seven-shape Aikin
1896-Uplift-EMU,Round
1897-Corona-EMU,Round
1897-Fillmo-EMU,Round
1897-Gospe1-EMU,Round
1897-Gospe2-EMU,Round
1897-Reviva-EMU,Round
1897-Songla-EMU,Round
1897-Songso-EMU,Round
1899-Gospe1-EMU,Round
1899-Gospe2-EMU,Round
1899-Hymnal-EMU,Round
1900-Childr-EMU,Round
1900-Nation-EMU,Round;Seven-shape Hood
1900-Newhar-EMU,Round
1900-Ourtha-EMU,Round
1900-Palace-EMU,Round
1900-Salvat-EMU,Round
1900-Songss-EMU,Round
1900-Vaugha-EMU,Seven-shape Aikin
1901-Aggres-EMU,Round
1901-Eureka-EMU,Round
1901-Fillm1-EMU,Round
1901-Fillm2-EMU,Round
1901-Hackle-EMU,Round
1901-Kirche-EMU,
1901-Manlyp-EMU,Round
1901-Newpsa-EMU,Nil
1901-Youngp-EMU,Round
1902-Crowno-EMU,Round;Seven-shape Aikin
1902-Eleven-EMU,Round
1902-Joyful-EMU,Round
1902-Living-EMU,Round
1902-Onwing-EMU,Round
1904-Gemsno-EMU,Round
1904-Perfec-EMU,Round
1904-Temper-EMU,Round
1905-Hymnso-EMU,Round
1905-Lobede-EMU,Round
1905-Reviva-EMU,Round
1905-Songsf-EMU,Round
1905-Youngp-EMU,Round
1906-Golden-EMU,Seven-shape Aikin
1906-Gospel-EMU,Round
1906-Hymna1-EMU,Nil
1906-Hymna2-EMU,Round
1906-Jesuss-EMU,Seven-shape Aikin
1906-Lastin-EMU,Seven-shape Aikin
1906-Sevent-EMU,Seven-shape Aikin
1907-Bestof-EMU,
1907-Gospel-EMU,Round
1907-Himnar-EMU,
1907-Hymnso-EMU,Round
1907-Specia-EMU,Seven-shape Aikin
1907-Standa-EMU,Round
1907-Sunday-EMU,Round
1908-Chris1-EMU,Round
1908-Victor-EMU,Round
1909-Precio-EMU,Round
1915-Worldw-EMU,Round
1925-SaintH-EMU,Round
1925-Songs2-EMU,Round;Seven-shape Aikin
1927-Spirit-EMU,Seven-shape Aikin
1850-Sacred-EMU,Round
1851-Songso-EMU,Nil
1854-Outlin-EMU,Nil
1859-Psalms-EMU,Nil
1868-Baptis-EMU,Nil
1889-Easte2-EMU,Round
1892-Zionsm-EMU,Seven-shape Aikin
1894-Choice-EMU,Seven-shape Aikin
1900-Manual-EMU,Nil
1901-Electr-EMU,Round
1901-Popula-EMU,Round
1901-Standa-EMU,Round
1902-Crowni-EMU,Seven-shape Aikin
1902-Fillmo-EMU,Round
1902-Tearsa-EMU,Round
1903-Bellso-EMU,Round
1903-Echoes-EMU,Round
1903-Nation-EMU,Round
1903-Reviva-EMU,Round
1904-Baptis-EMU,Round
1904-Glorio-EMU,Round
1905-Fillmo-EMU,Round
1905-Gloria-EMU,Round
1905-Method-EMU,Round
1905-Salvat-EMU,
1907-Truthi-EMU,Round
1908-Alexa1-EMU,Round
1908-Alexa2-EMU,Round
1908-Chris2-EMU,Round
1908-Crowni-EMU,Round
1908-Friend-EMU,Nil
1908-Fullof-EMU,Round
1908-Hymnsa-EMU,Nil
1908-Joyand-EMU,Round
1908-Oliver-EMU,Round
1908-Sbirka-EMU,
1908-Songso-EMU,
1912-Songso-EMU,Round;Seven-shape Aikin
1908-Songse-EMU,Round
1909-Christ-EMU,
1909-Method-EMU,Round
1909-Newhym-EMU,Round
1909-Servic-EMU,Round
1909-Tillma-EMU,Seven-shape Aikin
1909-Unionh-EMU,Four-shape
1909-Vaugha-EMU,Seven-shape Aikin
1910-Assemb-EMU,Round
1910-Exulta-EMU,Round
1910-Missio-EMU,Nil
1910-Reviva-EMU,Seven-shape Aikin
1910-Songsf-EMU,Round
1910-Songst-EMU,Seven-shape Aikin
1910-Victor-EMU,
1911-Evange-EMU,
1911-Himnar-EMU,
1911-Newson-EMU,
1910-Psalms-EMU,
1911-Songso-EMU,
1911-Spirit-EMU,
1911-Youngp-EMU,
1912-Charmi-EMU,Seven-shape Aikin
1912-Evange-EMU,Round
1912-Hearth-EMU,Round
1912-Little-EMU,Round
1912-Newlyr-EMU,Seven-shape Aikin
1912-Sacred-EMU,
1912-Songs1-EMU,
1912-Songs2-EMU,Round
1912-Songs3-EMU,Round
1912-Songs4-EMU,Round
1912-Sunday-EMU,Round
1913-Loyalt-EMU,Round
1913-Ourcho-EMU,Round;Seven-shape Aikin
1913-Planta-EMU,Round
1913-Sacred-EMU,Round
1914-CrownH-EMU,Seven-shape Aikin
1914-Downat-EMU,Seven-shape Aikin
1914-Hymnso-EMU,Seven-shape Aikin
1914-Immanu-EMU,Round
1914-Newsac-EMU,Seven-shape Aikin
1914-Onehun-EMU,
1914-Praise-EMU,Seven-shape Aikin
1915-Crowns-EMU,Seven-shape Aikin
1915-Gospel-EMU,
1915-Herald-EMU,Round
1915-Praise-EMU,Round
1915-Select-EMU,
1915-Songs1-EMU,
1915-Songs2-EMU,
1915-Songs3-EMU,
1915-Sparkl-EMU,
1916-Childs-EMU,
1916-Happyg-EMU,
1916-Hispra-EMU,Round
1916-Montre-EMU,Round
1916-Newhar-EMU,Seven-shape Swan
1916-Select-EMU,Round
1916-Songso-EMU,Round;Seven-shape Aikin
1916-Treasu-EMU,Round
1917-Evange-EMU,Round
1917-Hymnar-EMU,
1917-Lifean-EMU,Round
1917-Missio-EMU,Nil
1917-Select-EMU,Round;Seven-shape Aikin
1917-Songso-EMU,Round
1917-Treasu-EMU,Seven-shape Aikin
1917-Wonder-EMU,Seven-shape Aikin
1918-Echoes-EMU,Round;Seven-shape Aikin
1918-Popula-EMU,Round
1918-Reviva-EMU,Seven-shape Aikin
1918-Rodehe-EMU,
1918-Temple-EMU,
1918-Tribut-EMU,Seven-shape Aikin
1918-Worldr-EMU,
1919-Founda-EMU,
1919-Hampto-EMU,
1919-Highwa-EMU,Round;Seven-shape Aikin
1919-Hymnal-EMU,
1919-Reviva-EMU,
1919-Sacred-EMU,Nil
191x-Canaan-EMU,Round
191x-Confer-EMU,Round
191x-Diadem-EMU,
191x-Favori-EMU,Round
191x-Gospel-EMU,
191x-Reviva-EMU,Round
1920-Songs1-EMU,Round
1920-Songs2-EMU,Round;Seven-shape Aikin
1921-Church-EMU,Seven-shape Aikin
1921-Gospel-EMU,Round
1921-Greats-EMU,Round
1921-Kingdo-EMU,Round
1921-Reviva-EMU,Round
1921-Songsa-EMU,Round
1922-Hymnso-EMU,Round;Seven-shape Aikin
1922-Junior-EMU,Round
1922-Marchi-EMU,
1922-Reviva-EMU,
1922-Songso-EMU,Seven-shape Aikin
1922-Tellin-EMU,
1922-Victo1-EMU,
1923-Bright-EMU,
1923-Chapel-EMU,
1923-Choice-EMU,
1923-Crownb-EMU,
1923-Evange-EMU,
1923-Gospel-EMU,
1923-Hosann-EMU,Round
1923-Method-EMU,
1923-Praise-EMU,
1923-Rodehe-EMU,
1923-Search-EMU,
1923-Servic-EMU,
1923-Songso-EMU,
1924-Baptis-EMU,
1924-Bestre-EMU,
1924-Christ-EMU,
1924-Harves-EMU,
1924-Praise-EMU,Seven-shape Aikin
1925-Colema-EMU,
1925-Faithi-EMU,
1925-Gloryc-EMU,
1925-Homego-EMU,
1925-Little-EMU,Round
1925-Sacred-EMU,Round
1925-Songs1-EMU,Round;Seven-shape Aikin
1868-Silver-UKY,
1876-NewHar-UKY,Seven-shape Funk
1879-Shinin-UKY,
1886-Royalp-UKY,
1895-Salvat-UKY,Round
1896-Praise-UKY,Round
1896-Reviva-UKY,Seven-shape Aikin;Round
1899-Sacred-UKY,
1911-Redemp-UKY,
1919-Praise-UKY,
1873-Sunshi-UKY,Round
1875-Starry-UKY,Seven-shape Funk
1883-Spirit-UKY,
1885-Zionso-UKY,Seven-shape Aikin
1896-Soulwi-UKY,Round
1903-Standa-UKY,
1910-Zionme-UKY,
1911-Spirit-UKY,
1912-Songcr-UKY,
1918-Victor-UKY,
1923-Songso-UKY,
1895-Voice1-UKY,Seven-shape Aikin
1897-Songsf-UKY,
1897-Unionh-UKY,
1901-Youngp-UKY,
1921-Worldw-UKY,
1923-Cokesb-UKY,
1891-Christ-UKY,
1916-Lyricd-EMU,
1903-Musica-EMU,
1851-Chahta-EMU,
1858-Sunday-EMU,
1862-Soldie-EMU,
1863-Soldie-EMU,
1864-Sabbat-EMU,
1864-Armyhy-EMU,
1878-Nation-EMU,
1877-Geschi-EMU,
1882-Collec-EMU,
1887-Nation-EMU,
1892-Hampto-EMU,
1895-Poems-EMU,Nil
1898-Africa-EMU,
1899-Hymnbo-EMU,
188x-Songse-EMU,
18xx-Jubile-EMU,
1900-Songso-EMU,
1901-Pearls-EMU,
1905-Negroe-EMU,Nil
1907-Calhou-EMU,
1909-Calhou-EMU,Round
1909-Religi-EMU,
1910-Burnin-EMU,
1913-Hymnal-EMU,
1914-AfroAm-EMU,
1915-Songso-EMU,Round
1916-Afterf-EMU,Round
191x-Praise-EMU,
1921-Univer-EMU,Nil
1923-Nation-EMU,Round;Seven-shape Aikin
192x-JRosam-EMU,
1928-Americ-EMU,Nil
19xx-Americ-EMU,
19xx-Himnos-EMU,
xxxx-Keepmy-EMU,
xxxx-Select-EMU,
189x-Songss-EMU,
19xx-Thisbo-EMU,
1906-Newpra-MTS,
1921-Salvat-MTS,
1893-Spirit-MTS,
1897-Riches-MTS,
1910-Tearsa-MTS,Round
1900-Gemsxx-MTS,
1905-Gleani-MTS,
1923-Cheerf-MTS,Seven-shape Aikin
1921-Gospe2-MTS,Round;Seven-shape Aikin
1899-Reviva-MTS,Round
1904-Resurr-MTS,Seven-shape Aikin
1881-Gospel-MTS,Round
1907-Reviva-MTS,
1900-Fillmo-MTS,
1902-Songsf-MTS,
1897-Psalms-MTS,
1899-Gladti-MTS,
1900-Bright-MTS,
1895-Showal-MTS,Seven-shape Aikin
1922-Echoes-MTS,Seven-shape Aikin
1925-Comple-MTS,
1906-Vaugha-MTS,
1909-Gospel-MTS,
xxxx-Worldf-MTS,
1912-Joyful-MTS,Seven-shape Aikin;Round
1919-Tiding-MTS,Seven-shape Aikin
1922-Bethle-MTS,Seven-shape Aikin
1921-Fromth-MTS,Seven-shape Aikin
1905-Search-MTS,
1892-Highwa-MTS,Seven-shape Aikin
1891-Childr-MTS,Seven-shape Aikin
1906-Oldsto-MTS,Round
1916-Tiding-MTS,Seven-shape Aikin
1900-Gloryc-MTS,
1903-Joyful-MTS,
1900-Sunday-MTS,
1923-Eightn-MTS,
1923-Christ-MTS,Round
1894-Shiloh-MTS,
1890-Gemsan-MTS,Round
1923-NewHar-MTS,
1886-Noteso-MTS,
1863-Church-MTS,
1877-Newcas-MTS,Round
1873-Triump-MTS,Round
1885-Noteso-MTS,Round
1892-Glorio-MTS,
1866-Christ-MTS,
1857-Church-MTS,Nil
1847-Collec-EMU,
1849-Sacred-EMU,
1855-Collec-EMU,
1859-Collec-EMU,
1860-Baptis-EMU,
1874-Fillmo-EMU,
1882-Sweetf-EMU,Seven-shape Aikin
1890-Gladev-EMU,Seven-shape Aikin
1891-Pearls-EMU,Seven-shape Aikin
1895-Gospel-EMU,Round
1895-Chris2-EMU,
1896-Classc-EMU,Round;Seven-shape Aikin;Tonic sol-fa
1899-Oldpla-EMU,Round
19xx-Gospe1-EMU,
19xx-Gospe2-EMU,
1901-Hymnal-EMU,Nil
1901-Junior-EMU,Round
1901-Showal-EMU,Round
1904-Pathwa-EMU,
1909-Songso-EMU,Round
191x-Hymnsf-EMU,
1910-Sacred-EMU,
1914-Newgos-EMU,
1916-Worshi-EMU,
1922-Victo2-EMU,Round;Seven-shape Aikin
1925-Excell-EMU,
192x-Songsf-EMU,
1911-Sacred-EMU,
1852-Psalms-UKY,
1860-Sabbat-UKY,
1860-Select-UKY,
1867-Taboro-UKY,
1874-Gospel-UKY,Round
1880-Popula-UKY,Nil
1889-Starof-UKY,Seven-shape Aikin
1889-Voiceo-UKY,Round
1899-Songso-UKY,Round
1908-Christ-UKY,
1909-Songso-UKY,Seven-shape Aikin
1925-Hymnso-UKY,
1853-Dyersp-UKY,Nil
1860-Sacred-UKY,
1866-Tefilo-UKY,
1905-Twenty-UKY,
1913-Eureka-UKY,
1919-Hampto-UKY,
191x-Americ-UKY,
1921-Elmhur-UKY,Round
1908-Bethan-MTS,Round
1909-Breado-MTS,Seven-shape Aikin
1910-Kingsp-MTS,Round
1913-Praise-MTS,Round
1921-Gospe1-MTS,
1922-Hispra-MTS,Round;Seven-shape Aikin
1924-Shinin-MTS,
1925-Blesse-MTS,
1875-Gospel-UMI,
1885-Epwort-UMI,
1891-Epwort-UMI,
1863-Soldie-UMI,Nil
1864-Fillmo-UMI,
1866-Tefilo-UMI,
1872-Golden-UMI,Round
1879-Lieder-UMI,
1866-Singin-UMI,
1854-Nation-UMI,
1878-Gospel-UMI,
1919-Shouty-UMI,
1860-Christ-UMI,
1905-Method-UMI,
1890-Evange-UMI,Round
1888-Glorio-UMI,
1851-Psalmi-UMI,
1867-Slave1-UMI,
1867-Slave2-UMI,
1873-Joyaco-UMI,Round
1885-Wondro-UMI,Round
1890-Noteso-UMI,Round
1909-Songso-UMI,
1918-Hampto-UMI,
1921-Gospel-UMI,
192X-Americ-UMI,
1854-Hymnsf-UKY,Nil
1854-Southe-UKY,Four-shape
1871-Israel-UKY,
1883-Gospel-UKY,Round
1886-Workan-UKY,
1892-Living-UKY,
1899-Notes2-UKY,
1899-Reviva-UKY,
1901-Malequ-UKY,
1910-Alexan-UKY,Round
1829-Chahta-UTL,
1829-Cherok-UTL,
1835-Shorts-UTL,
1835-Triump-UTL,
1854-Cherok-UTL,
1858-Chahta-UTL,
1866-Potewa-UTL,
1888-Cherok-UTL,
1892-Shirai-SBT,
1901-Gospe1-SBT,
1917-Synago-SBT,
1845-Southe-SBT,
1857-Sacred-SBT,
1872-Chocta-SBT,
1885-Wondro-SBT,
1895-Gospel-SBT,Round
1897-Riches-SBT,
1874-Fillmo-SBT,Numeral staff
1875-Gospel-SBT,Round
1879-Favori-SBT,
1887-Jubile-SBT,
1892-Glorio-SBT,
1897-Gantvo-SBT,Round;Numeral
1898-Fillmo-SBT,
1901-Gospe2-SBT,
1909-Minist-SBT,Round
1910-Reviva-SBT,
1922-Praise-SBT,
1925-Harbor-SBT,
1890-Gemsan-SBT,
1850-Rurals-BRU,
1858-Prayer-BRU,
1861-NeuerL-BRU,
1863-Collec-BRU,
1867-Dedica-BRU,
1869-Childs-BRU,
1873-Vocalc-BRU,Nil
1875-Singin-BRU,
1876-Psalte-BRU,
1877-Transl-BRU,Nil
1888-Reviva-BRU,
1891-Melodi-BRU,Round
1897-Poetic-BRU,
1898-Tedeum-BRU,
18xx-LibbyP-BRU,
1900-Crowni-BRU,Round
1904-Bestgo-BRU,
1906-Sonsof-BRU,
1911-Hymnfo-BRU,Nil
1913-Mensgo-BRU,
1914-Gladpr-BRU,
1915-Search-BRU,
1916-Hitthe-BRU,
1917-Hymnf1-BRU,
1918-Mother-BRU,Nil
1843-Church-BRU,
1867-Christ-BRU,
1868-Hymnst-BRU,
1872-Voiceo-BRU,
1875-Angels-BRU,
1876-Progra-BRU,Nil
1877-Twelft-BRU,
1880-Jubile-BRU,Nil
1880-Origin-BRU,Nil
1885-Fewmor-BRU,
1888-Masoni-BRU,Nil
1893-Conqu2-BRU,
1894-Bringt-BRU,
1900-Songsf-BRU,Round
1905-Mymoth-BRU,
1905-Withhe-BRU,Round
1910-Kingsm-BRU,Round
1912-Exhor1-BRU,
1914-PilotT-BRU,
1916-Deepri-BRU,
1917-Albumo-BRU,
1918-Childr-BRU,
1919-Dontbe-BRU,
1922-Gospel-BRU,
1861-Soldi2-BRU,
1844-Hymnbo-UKY,Nil
1851-Psalmi-UKY,
1854-Psalmi-UKY,
1854-Singer-UKY,
1865-Christ-UKY,
1867-Psalms-UKY,
1887-Gospel-UKY,
1899-Tearsa-UKY,
1908-Bookof-UKY,
1921-Temple-UKY,
185x-Annive-SBT,
1898-Lieder-SBT,
1845-Select-EMU,
1873-Vocalt-EMU,
1916-Newson-EMU,
192x-Gospel-EMU,
1849-Virgin-MTS,
1850-Timbre-MTS,
1854-Social-MTS,
1855-Sabbat-MTS,
1856-Congre-MTS,
191x-Reviva-MTS,
1861-Pilgri-MTS,
185x-Theres-MTS,
1924-Gospel-UKY,
1848-Hesper-EMU,
1851-Nakcok-EMU,
1875-Himnos-EMU,
1925-Mellow-EMU,
1925-Temple-EMU,
1881-Temper-MTS,Seven-shape Aikin
1892-WideAw-MTS,
1898-Aposto-MTS,Seven-shape Aikin
1903-Eureka-MTS,Seven-shape Aikin
1907-Bealls-MTS,Round
1908-Silver-MTS,Seven-shape Aikin
1870-Prizex-SBT,Round
1906-SongEv-SBT,
1907-Folks1-SBT,
1907-Folks2-SBT,
1915-Alexan-SBT,
1915-Gospel-SBT,Round
1857-Primit-UKY,
1876-Polish-UKY,Numeral staff
189x-Hallss-UKY,
1909-Gospel-UKY,Seven-shape Aikin
1925-NewSon-UKY,
1859-Oriol1-BRU,Round
1860-Deutsc-BRU,
1873-Bibles-BRU,Round
1873-Spirit-BRU,
1879-Corona-BRU,Round
1881-NoranI-BRU,
1884-Tuskeg-BRU,
1885-Harves-BRU,
1890-Positi-BRU,
1895-Gospel-BRU,
1899-Songsa-BRU,Seven-shape Aikin
18xx-Whispe-BRU,
1900-Recita-BRU,
1901-OLordo-BRU,Nil
1903-SweetH-BRU,
1906-Edenec-BRU,
1909-Cherok-BRU,
1909-Sevens-BRU,
1915-Hymnal-BRU,
1916-Diamon-BRU,
1916-MySavi-BRU,
1918-Newvic-BRU,
1923-UnionH-BRU,Round
1890-Singer-EMU,
1859-Narrat-UMI,
1891-Otterb-UMI,
1882-Songsf-UMI,
1879-Gospel-UMI,
1877-Grandc-UMI,
