PID,link
1850-Missou-EMU,/s/ssdl/item/2
1850-Missou-EMU,/s/ssdl/item/2
1852-Collec-EMU,/s/ssdl/item/3
1852-Peters-EMU,/s/ssdl/item/4
1852-Reviva-EMU,/s/ssdl/item/5
1853-Temple-EMU,/s/ssdl/item/6
1853-Wester-EMU,/s/ssdl/item/7
1885-Gospel-EMU,/s/ssdl/item/208
1855-Sacred-EMU,/s/ssdl/item/9
1855-Vocalm-EMU,/s/ssdl/item/10
1857-Hymnss-EMU,/s/ssdl/item/11
1857-Kirche-EMU,/s/ssdl/item/1656
1858-Sacred-EMU,/s/ssdl/item/13
1859-Songso-EMU,/s/ssdl/item/14
1859-Southe-EMU,/s/ssdl/item/15
1859-Wesley-EMU,/s/ssdl/item/16
1860-Evange-EMU,/s/ssdl/item/17
1860-Hymnis-EMU,/s/ssdl/item/18
1860-Oriola-EMU,/s/ssdl/item/19
1860-Unionh-EMU,/s/ssdl/item/20
1861-Psalms-EMU,/s/ssdl/item/41
1869-Specim-EMU,/s/ssdl/item/42
1862-Hymnsf-EMU,/s/ssdl/item/43
1864-Confed-EMU,/s/ssdl/item/44
1865-Musica-EMU,/s/ssdl/item/45
1867-Golden-EMU,/s/ssdl/item/46
1867-Violet-EMU,/s/ssdl/item/47
1868-Chapel-EMU,/s/ssdl/item/1825
1868-Eclect-EMU,/s/ssdl/item/49
1868-Hymnsa-EMU,/s/ssdl/item/50
1868-School-EMU,/s/ssdl/item/1547
1868-Shinin-EMU,/s/ssdl/item/52
1869-Songsf-EMU,/s/ssdl/item/53
1871-Christ-EMU,/s/ssdl/item/54
1871-Kindwo-EMU,/s/ssdl/item/55
1872-Harfen-EMU,/s/ssdl/item/56
1872-Newhar-EMU,/s/ssdl/item/57
1873-Fruits-EMU,/s/ssdl/item/58
1873-Hymnsf-EMU,/s/ssdl/item/59
1873-Songsf-EMU,/s/ssdl/item/60
1874-Bookof-EMU,/s/ssdl/item/81
1874-Contri-EMU,/s/ssdl/item/82
1874-Everys-EMU,/s/ssdl/item/83
1874-Golden-EMU,/s/ssdl/item/84
1874-Palmof-EMU,/s/ssdl/item/85
1876-Bibles-EMU,/s/ssdl/item/86
1875-Devoti-EMU,/s/ssdl/item/87
1875-Gospel-EMU,/s/ssdl/item/88
1876-Melodi-EMU,/s/ssdl/item/89
1876-Storyo-EMU,/s/ssdl/item/90
1877-Jasper-EMU,/s/ssdl/item/91
1877-Mornin-EMU,/s/ssdl/item/92
1877-Newmel-EMU,/s/ssdl/item/93
1878-Golden-EMU,/s/ssdl/item/94
1878-Gospe1-EMU,/s/ssdl/item/95
1878-Gospe2-EMU,/s/ssdl/item/96
1878-Helpin-EMU,/s/ssdl/item/97
1878-Hymnal-EMU,/s/ssdl/item/1238
1878-Lastwo-EMU,/s/ssdl/item/99
1878-Revivi-EMU,/s/ssdl/item/100
1878-Tiding-EMU,/s/ssdl/item/121
1879-Bapti2-EMU,/s/ssdl/item/122
1879-Primit-EMU,/s/ssdl/item/123
1879-Sacred-EMU,/s/ssdl/item/1375
1879-Songvi-EMU,/s/ssdl/item/125
1879-Wreath-EMU,/s/ssdl/item/126
1880-Childr-EMU,/s/ssdl/item/127
1880-Hymnsx-EMU,/s/ssdl/item/128
1880-Joyand-EMU,/s/ssdl/item/129
1880-Newhy1-EMU,/s/ssdl/item/130
1880-Newhy2-EMU,/s/ssdl/item/131
1880-Songse-EMU,/s/ssdl/item/132
1912-Tribut-EMU,/s/ssdl/item/133
1881-Evange-EMU,/s/ssdl/item/134
1881-Himnar-EMU,/s/ssdl/item/135
1881-Redeem-EMU,/s/ssdl/item/136
1881-Twilig-EMU,/s/ssdl/item/137
1882-Gracea-EMU,/s/ssdl/item/138
1882-Juveni-EMU,/s/ssdl/item/139
1882-NewChr-EMU,/s/ssdl/item/140
1882-Psalms-EMU,/s/ssdl/item/161
1882-Realmo-EMU,/s/ssdl/item/162
1882-Singin-EMU,/s/ssdl/item/163
1883-Better-EMU,/s/ssdl/item/164
1883-Bookof-EMU,/s/ssdl/item/165
1883-Duplex-EMU,/s/ssdl/item/166
1883-Holyvo-EMU,/s/ssdl/item/167
1883-Lovean-EMU,/s/ssdl/item/168
1883-Purede-EMU,/s/ssdl/item/169
1883-Select-EMU,/s/ssdl/item/170
1883-Shaker-EMU,/s/ssdl/item/171
1883-Songso-EMU,/s/ssdl/item/167
1883-Teache-EMU,/s/ssdl/item/173
1883-Triune-EMU,/s/ssdl/item/174
1883-Voiceo-EMU,/s/ssdl/item/175
1884-Congre-EMU,/s/ssdl/item/176
1884-Consol-EMU,/s/ssdl/item/177
1884-Everla-EMU,/s/ssdl/item/178
1884-Gospel-EMU,/s/ssdl/item/206
1884-Gratef-EMU,/s/ssdl/item/180
1884-Harves-EMU,/s/ssdl/item/201
1884-Hymnbo-EMU,/s/ssdl/item/202
1884-Jesus1-EMU,/s/ssdl/item/203
1884-Ourson-EMU,/s/ssdl/item/204
1884-Praise-EMU,/s/ssdl/item/205
1884-Sabbat-EMU,/s/ssdl/item/206
1884-Temple-EMU,/s/ssdl/item/207
1885-Freshf-EMU,/s/ssdl/item/208
1885-Golden-EMU,/s/ssdl/item/209
1885-Holyma-EMU,/s/ssdl/item/210
1885-Lofzan-EMU,/s/ssdl/item/211
1885-Popula-EMU,/s/ssdl/item/212
1885-Revise-EMU,/s/ssdl/item/213
1885-Zionso-EMU,/s/ssdl/item/214
1886-Carols-EMU,/s/ssdl/item/215
1886-Childr-EMU,/s/ssdl/item/216
1890-Gospel-EMU,/s/ssdl/item/2150
1886-Greata-EMU,/s/ssdl/item/218
1886-Joyand-EMU,/s/ssdl/item/219
1886-Newli1-EMU,/s/ssdl/item/220
1886-Stream-EMU,/s/ssdl/item/241
1887-Songs1-EMU,/s/ssdl/item/242
1887-Songs2-EMU,/s/ssdl/item/243
1888-Gesang-EMU,/s/ssdl/item/833
1888-Hymnst-EMU,/s/ssdl/item/245
1888-Ournew-EMU,/s/ssdl/item/246
1888-Royalp-EMU,/s/ssdl/item/247
1888-Sabbat-EMU,/s/ssdl/item/248
1888-Songso-EMU,/s/ssdl/item/249
1892-Standa-EMU,/s/ssdl/item/250
1889-Budsan-EMU,/s/ssdl/item/251
1889-Christ-EMU,/s/ssdl/item/252
1889-Cumber-EMU,/s/ssdl/item/253
1889-Easte1-EMU,/s/ssdl/item/254
1889-Evange-EMU,/s/ssdl/item/255
1889-Gospel-EMU,/s/ssdl/item/254
1889-Hymnan-EMU,/s/ssdl/item/257
1889-Hymnsf-EMU,/s/ssdl/item/258
1889-Missio-EMU,/s/ssdl/item/259
1889-Newvoi-EMU,/s/ssdl/item/260
1889-Ourhym-EMU,/s/ssdl/item/281
1889-Sacred-EMU,/s/ssdl/item/254
1889-Songge-EMU,/s/ssdl/item/283
1889-Window-EMU,/s/ssdl/item/284
188x-Songso-EMU,/s/ssdl/item/285
1890-Christ-EMU,/s/ssdl/item/286
1890-Mornin-EMU,/s/ssdl/item/287
1890-Pureso-EMU,/s/ssdl/item/288
1892-Reviva-EMU,/s/ssdl/item/289
1890-YMCAgo-EMU,/s/ssdl/item/290
1891-Bright-EMU,/s/ssdl/item/291
1891-Select-EMU,/s/ssdl/item/292
1891-Servic-EMU,/s/ssdl/item/293
1891-Songsf-EMU,/s/ssdl/item/294
1891-Soothi-EMU,/s/ssdl/item/295
1892-Gabrie-EMU,/s/ssdl/item/296
1892-Songso-EMU,/s/ssdl/item/297
1892-Womans-EMU,/s/ssdl/item/298
1892-Wordso-EMU,/s/ssdl/item/299
1893-Epwort-EMU,/s/ssdl/item/300
1893-Harpof-EMU,/s/ssdl/item/321
1893-Hearts-EMU,/s/ssdl/item/322
1893-Hymnso-EMU,/s/ssdl/item/323
1893-Inhisn-EMU,/s/ssdl/item/324
1893-Lifean-EMU,/s/ssdl/item/325
1893-McInto-EMU,/s/ssdl/item/326
1893-Messen-EMU,/s/ssdl/item/327
1893-Musicf-EMU,/s/ssdl/item/328
1893-Psalms-EMU,/s/ssdl/item/329
1894-Blosso-EMU,/s/ssdl/item/330
1894-Bright-EMU,/s/ssdl/item/291
1894-Crowni-EMU,/s/ssdl/item/332
1894-Lifean-EMU,/s/ssdl/item/333
1894-Reviva-EMU,/s/ssdl/item/334
1894-Select-EMU,/s/ssdl/item/335
1895-Chris1-EMU,/s/ssdl/item/336
1895-Glowin-EMU,/s/ssdl/item/337
1895-Gospe1-EMU,/s/ssdl/item/338
1895-Gospe2-EMU,/s/ssdl/item/339
1897-Nation-EMU,/s/ssdl/item/340
1897-Little-EMU,/s/ssdl/item/361
1897-Wonder-EMU,/s/ssdl/item/501
1898-Fillmo-EMU,/s/ssdl/item/363
1899-Fillmo-EMU,/s/ssdl/item/364
1898-Gospel-EMU,/s/ssdl/item/365
1898-Happyv-EMU,/s/ssdl/item/366
1898-Hymnbo-EMU,/s/ssdl/item/367
190x-Missio-EMU,/s/ssdl/item/368
1855-Liturg-BRU,/s/ssdl/item/393
1859-Sacred-BRU,/s/ssdl/item/394
1861-Contra-BRU,/s/ssdl/item/395
1864-Lieder-BRU,/s/ssdl/item/396
1864-Singvo-BRU,/s/ssdl/item/397
1872-Happym-BRU,/s/ssdl/item/398
1874-Songso-BRU,/s/ssdl/item/83
1875-Songfr-BRU,/s/ssdl/item/400
1888-Reviva-BRU,/s/ssdl/item/2398
1893-Collec-BRU,/s/ssdl/item/402
1897-Spirit-BRU,/s/ssdl/item/403
18xx-Funera-BRU,/s/ssdl/item/404
1903-Fillmo-BRU,/s/ssdl/item/405
1904-Worldf-BRU,/s/ssdl/item/406
1908-Concor-BRU,/s/ssdl/item/407
1911-Golden-BRU,/s/ssdl/item/408
1911-Mostpo-BRU,/s/ssdl/item/409
1912-Messen-BRU,/s/ssdl/item/410
1912-Oldtim-BRU,/s/ssdl/item/411
1912-Somecu-BRU,/s/ssdl/item/412
1918-Darkey-BRU,/s/ssdl/item/433
1918-Negros-BRU,/s/ssdl/item/434
1918-Oldmel-BRU,/s/ssdl/item/435
1920-Baptis-BRU,/s/ssdl/item/436
1923-Ohthel-BRU,/s/ssdl/item/437
1923-Spirit-BRU,/s/ssdl/item/1855
1924-Deepri-BRU,/s/ssdl/item/439
1924-Wereyo-BRU,/s/ssdl/item/440
1925-OLordI-BRU,/s/ssdl/item/441
1925-TenNeg-BRU,/s/ssdl/item/442
1850-Baptis-EMU,/s/ssdl/item/453
190x-Nation-MTS,/s/ssdl/item/368
19xx-Tobacc-MTS,/s/ssdl/item/459
19xx-Godlea-MTS,/s/ssdl/item/460
1932-Fortys-MTS,/s/ssdl/item/461
192x-Gospel-MTS,/s/ssdl/item/2515
1928-Sparkl-MTS,/s/ssdl/item/463
1928-Heaven-MTS,/s/ssdl/item/1578
1925-Womens-MTS,/s/ssdl/item/465
1925-Winnin-MTS,/s/ssdl/item/466
1925-Songs2-MTS,/s/ssdl/item/1541
1925-Songs1-MTS,/s/ssdl/item/468
1925-Signal-MTS,/s/ssdl/item/469
1926-Scelta-MTS,/s/ssdl/item/470
1925-Musikl-MTS,/s/ssdl/item/471
1925-Master-MTS,/s/ssdl/item/472
1925-Living-MTS,/s/ssdl/item/473
1925-Joybe2-MTS,/s/ssdl/item/474
1925-Joybe1-MTS,/s/ssdl/item/475
1925-Jehova-MTS,/s/ssdl/item/476
1925-Instit-MTS,/s/ssdl/item/477
1925-Heaven-MTS,/s/ssdl/item/1578
1925-Harbor-MTS,/s/ssdl/item/2383
1925-Aframe-MTS,/s/ssdl/item/500
1924-Wonder-MTS,/s/ssdl/item/501
1924-Songsf-MTS,/s/ssdl/item/502
1924-Livin2-MTS,/s/ssdl/item/503
1924-Livin1-MTS,/s/ssdl/item/504
1924-Joytot-MTS,/s/ssdl/item/505
1924-Hisvoi-MTS,/s/ssdl/item/506
1924-Herald-MTS,/s/ssdl/item/507
1924-Heave2-MTS,/s/ssdl/item/508
1924-Heave1-MTS,/s/ssdl/item/509
1924-Gospel-MTS,/s/ssdl/item/2536
1924-Easter-MTS,/s/ssdl/item/511
1924-Collec-MTS,/s/ssdl/item/512
1924-Christ-MTS,/s/ssdl/item/1859
1924-Allfor-MTS,/s/ssdl/item/514
1923-Songla-MTS,/s/ssdl/item/515
1923-Select-MTS,/s/ssdl/item/516
1923-Newmel-MTS,/s/ssdl/item/517
1923-Kingof-MTS,/s/ssdl/item/538
1923-Junior-MTS,/s/ssdl/item/2159
1923-Callch-MTS,/s/ssdl/item/540
1923-Awaken-MTS,/s/ssdl/item/541
1922-Songso-MTS,/s/ssdl/item/1821
1922-Revive-MTS,/s/ssdl/item/543
1922-Ninety-MTS,/s/ssdl/item/544
1922-Hymnsw-MTS,/s/ssdl/item/545
1922-Hallel-MTS,/s/ssdl/item/546
1922-Glorys-MTS,/s/ssdl/item/547
1922-Beulah-MTS,/s/ssdl/item/548
1927-Vaugha-MTS,/s/ssdl/item/549
1921-Songsf-MTS,/s/ssdl/item/550
1921-Reviva-MTS,/s/ssdl/item/1815
1921-Musict-MTS,/s/ssdl/item/552
1921-Glorye-MTS,/s/ssdl/item/553
1921-Glorio-MTS,/s/ssdl/item/554
1921-Elmhur-MTS,/s/ssdl/item/2219
1921-Alexan-MTS,/s/ssdl/item/556
1920-Songs3-MTS,/s/ssdl/item/557
1920-Songs1-MTS,/s/ssdl/item/1789
1920-Songan-MTS,/s/ssdl/item/579
1920-Practi-MTS,/s/ssdl/item/580
1920-Newper-MTS,/s/ssdl/item/581
1920-Highwa-MTS,/s/ssdl/item/582
1920-Heaven-MTS,/s/ssdl/item/1578
1918-Harves-MTS,/s/ssdl/item/584
1920-Evange-MTS,/s/ssdl/item/585
1920-Bellso-MTS,/s/ssdl/item/586
1919-Trutha-MTS,/s/ssdl/item/587
1919-Songso-MTS,/s/ssdl/item/1780
1919-Crowns-MTS,/s/ssdl/item/589
1919-Carols-MTS,/s/ssdl/item/590
1914-Victor-MTS,/s/ssdl/item/125
1918-Towner-MTS,/s/ssdl/item/592
1919-Shinin-MTS,/s/ssdl/item/593
1918-Reviv2-MTS,/s/ssdl/item/594
1918-Reviv1-MTS,/s/ssdl/item/595
1918-Planta-MTS,/s/ssdl/item/596
1918-Heaven-MTS,/s/ssdl/item/1578
1918-Gladne-MTS,/s/ssdl/item/618
1918-Beauti-MTS,/s/ssdl/item/619
1917-Servic-MTS,/s/ssdl/item/620
1917-Praise-MTS,/s/ssdl/item/959
1917-Nearth-MTS,/s/ssdl/item/622
1917-Modern-MTS,/s/ssdl/item/623
1917-Guidin-MTS,/s/ssdl/item/624
1917-Glorye-MTS,/s/ssdl/item/625
1917-Garden-MTS,/s/ssdl/item/626
1917-Eureka-MTS,/s/ssdl/item/2547
1916-Praise-MTS,/s/ssdl/item/1736
1916-Gleane-MTS,/s/ssdl/item/629
1916-Gladne-MTS,/s/ssdl/item/630
1915-Soulwi-MTS,/s/ssdl/item/631
1915-Songso-MTS,/s/ssdl/item/632
1915-Immanu-MTS,/s/ssdl/item/633
1915-Heaven-MTS,/s/ssdl/item/1578
1915-HamRam-MTS,/s/ssdl/item/635
1915-Carolc-MTS,/s/ssdl/item/636
1914-Tenles-MTS,/s/ssdl/item/637
1914-Praise-MTS,/s/ssdl/item/1704
1914-Perenn-MTS,/s/ssdl/item/659
1914-Eureka-MTS,/s/ssdl/item/2547
1913-Worlde-MTS,/s/ssdl/item/661
1913-Redemp-MTS,/s/ssdl/item/662
1913-Planta-MTS,/s/ssdl/item/1696
1913-Newson-MTS,/s/ssdl/item/664
1913-Gospel-MTS,/s/ssdl/item/2426
1912-Window-MTS,/s/ssdl/item/666
1912-Sunnys-MTS,/s/ssdl/item/667
1912-Songso-MTS,/s/ssdl/item/668
1912-Songan-MTS,/s/ssdl/item/669
1912-Newrev-MTS,/s/ssdl/item/670
1912-Harpof-MTS,/s/ssdl/item/671
1912-Eureka-MTS,/s/ssdl/item/2547
1912-Alexan-MTS,/s/ssdl/item/673
190x-Vaugha-MTS,/s/ssdl/item/674
1911-Songso-MTS,/s/ssdl/item/1660
1911-Quarte-MTS,/s/ssdl/item/676
1911-Jewels-MTS,/s/ssdl/item/677
1911-Crowni-MTS,/s/ssdl/item/698
1910-Voices-MTS,/s/ssdl/item/1654
1913-Happyv-MTS,/s/ssdl/item/700
1909-Window-MTS,/s/ssdl/item/701
1909-Newonw-MTS,/s/ssdl/item/702
1909-Evange-MTS,/s/ssdl/item/703
1909-Cumber-MTS,/s/ssdl/item/704
1908-Twelft-MTS,/s/ssdl/item/705
1908-Songso-MTS,/s/ssdl/item/1619
1908-Gesang-MTS,/s/ssdl/item/833
1907-Select-MTS,/s/ssdl/item/516
1907-Pilger-MTS,/s/ssdl/item/709
1907-Patton-MTS,/s/ssdl/item/710
1907-Organo-MTS,/s/ssdl/item/711
1907-Happyd-MTS,/s/ssdl/item/712
1907-Bestof-MTS,/s/ssdl/item/1509
1906-Starof-MTS,/s/ssdl/item/714
1906-Mehrst-MTS,/s/ssdl/item/715
1906-Living-MTS,/s/ssdl/item/716
1906-Gladho-MTS,/s/ssdl/item/717
1906-GVhymn-MTS,/s/ssdl/item/738
1905-Winnow-MTS,/s/ssdl/item/739
1905-Soulso-MTS,/s/ssdl/item/740
1905-Songs2-MTS,/s/ssdl/item/741
1905-Songs1-MTS,/s/ssdl/item/742
1905-Eureka-MTS,/s/ssdl/item/2547
1904-Sunlig-MTS,/s/ssdl/item/744
1904-Songso-MTS,/s/ssdl/item/744
1904-Practi-MTS,/s/ssdl/item/746
1904-Perrys-MTS,/s/ssdl/item/747
1904-Living-MTS,/s/ssdl/item/748
1903-Hymnso-MTS,/s/ssdl/item/1109
1902-Primit-MTS,/s/ssdl/item/750
1902-Gemsfo-MTS,/s/ssdl/item/751
1902-Favori-MTS,/s/ssdl/item/752
1902-Bibles-MTS,/s/ssdl/item/753
1901-Window-MTS,/s/ssdl/item/754
1902-Songso-MTS,/s/ssdl/item/1196
1901-Psalms-MTS,/s/ssdl/item/756
1901-Hymnso-MTS,/s/ssdl/item/757
1900-Practi-MTS,/s/ssdl/item/778
1900-Pentec-MTS,/s/ssdl/item/779
1900-Gospel-MTS,/s/ssdl/item/1456
1900-Epwort-MTS,/s/ssdl/item/781
1900-Dortch-MTS,/s/ssdl/item/782
1899-Storyo-MTS,/s/ssdl/item/783
1899-Psalms-MTS,/s/ssdl/item/784
1899-Highwa-MTS,/s/ssdl/item/785
1899-Gospel-MTS,/s/ssdl/item/783
1898-Silver-MTS,/s/ssdl/item/787
1898-Golden-MTS,/s/ssdl/item/788
1898-Fillmo-MTS,/s/ssdl/item/363
1897-Select-MTS,/s/ssdl/item/790
1897-Seedso-MTS,/s/ssdl/item/791
1897-Romanh-MTS,/s/ssdl/item/792
1897-Anthem-MTS,/s/ssdl/item/795
1896-Window-MTS,/s/ssdl/item/794
1896-Anthem-MTS,/s/ssdl/item/795
1895-Songof-MTS,/s/ssdl/item/796
1895-Psalms-MTS,/s/ssdl/item/797
1895-Dortch-MTS,/s/ssdl/item/782
1894-Treble-MTS,/s/ssdl/item/819
1894-PerleS-MTS,/s/ssdl/item/820
1894-Lieder-MTS,/s/ssdl/item/821
1893-Unfadi-MTS,/s/ssdl/item/822
1893-Blessi-MTS,/s/ssdl/item/823
1892-Whiter-MTS,/s/ssdl/item/824
1892-Trieda-MTS,/s/ssdl/item/825
1892-Songsa-MTS,/s/ssdl/item/826
1892-Little-MTS,/s/ssdl/item/827
1891-Cabina-MTS,/s/ssdl/item/828
1889-Songso-MTS,/s/ssdl/item/829
1889-Herber-MTS,/s/ssdl/item/830
1888-Modern-MTS,/s/ssdl/item/831
1888-Garner-MTS,/s/ssdl/item/832
1888-Deutsc-MTS,/s/ssdl/item/833
1887-Triump-MTS,/s/ssdl/item/834
1887-Songso-MTS,/s/ssdl/item/835
1887-Musica-MTS,/s/ssdl/item/836
1887-Empire-MTS,/s/ssdl/item/837
1886-Flower-MTS,/s/ssdl/item/858
1885-McPhai-MTS,/s/ssdl/item/859
1885-Herber-MTS,/s/ssdl/item/860
1884-Lieder-MTS,/s/ssdl/item/821
1884-Englis-MTS,/s/ssdl/item/862
1883-Hallel-MTS,/s/ssdl/item/863
1882-Tribut-MTS,/s/ssdl/item/864
1882-Songso-MTS,/s/ssdl/item/1339
1882-Lieder-MTS,/s/ssdl/item/821
1882-Davids-MTS,/s/ssdl/item/867
1881-Hearta-MTS,/s/ssdl/item/868
1881-Gemofg-MTS,/s/ssdl/item/869
1880-Undert-MTS,/s/ssdl/item/870
1880-Gateso-MTS,/s/ssdl/item/871
1878-Univer-MTS,/s/ssdl/item/872
1878-Precio-MTS,/s/ssdl/item/873
1878-Heaven-MTS,/s/ssdl/item/1578
1878-Harves-MTS,/s/ssdl/item/875
1877-Songso-MTS,/s/ssdl/item/876
1876-Spirit-MTS,/s/ssdl/item/89
1876-Songhe-MTS,/s/ssdl/item/898
1874-Songer-MTS,/s/ssdl/item/899
1874-Melodi-MTS,/s/ssdl/item/900
1874-Corone-MTS,/s/ssdl/item/901
1874-Cabina-MTS,/s/ssdl/item/902
1873-Manner-MTS,/s/ssdl/item/903
1872-Puredi-MTS,/s/ssdl/item/904
1871-Truesi-MTS,/s/ssdl/item/905
1871-Crowno-MTS,/s/ssdl/item/906
1871-Charmc-MTS,/s/ssdl/item/907
1870-WestVi-MTS,/s/ssdl/item/908
1870-Sacred-MTS,/s/ssdl/item/908
1869-Christ-MTS,/s/ssdl/item/910
1867-Songso-MTS,/s/ssdl/item/1328
1867-Jugend-MTS,/s/ssdl/item/912
1867-Chants-MTS,/s/ssdl/item/1328
1864-Devoti-MTS,/s/ssdl/item/914
1860-Church-MTS,/s/ssdl/item/983
1859-Songsf-MTS,/s/ssdl/item/916
1854-Church-MTS,/s/ssdl/item/1545
1853-Timbre-MTS,/s/ssdl/item/938
1853-Harpof-MTS,/s/ssdl/item/939
1852-Romber-MTS,/s/ssdl/item/940
1850-Golden-MTS,/s/ssdl/item/941
1843-Manual-MTS,/s/ssdl/item/942
1833-Select-UTL,/s/ssdl/item/948
1846-Cherok-UTL,/s/ssdl/item/949
1860-Maskok-UTL,/s/ssdl/item/950
1866-Cherok-UTL,/s/ssdl/item/951
1875-Gospel-UTL,/s/ssdl/item/952
1880-Nakcok-UTL,/s/ssdl/item/953
188x-Mvskok-UTL,/s/ssdl/item/954
1887-Gospel-UTL,/s/ssdl/item/955
1892-Nusdvu-UTL,/s/ssdl/item/956
1906-Tsalag-UTL,/s/ssdl/item/957
1910-Baptis-UTL,/s/ssdl/item/958
1917-Mvskok-UTL,/s/ssdl/item/959
1920-Hallel-UTL,/s/ssdl/item/960
1926-Nakcok-UTL,/s/ssdl/item/961
1847-Sacred-SBT,/s/ssdl/item/2143
1851-Songso-SBT,/s/ssdl/item/1544
1853-Hymnsf-SBT,/s/ssdl/item/978
1854-Sweets-SBT,/s/ssdl/item/2100
1856-Simple-SBT,/s/ssdl/item/980
1857-Annive-SBT,/s/ssdl/item/981
1859-HymnsF-SBT,/s/ssdl/item/982
1860-Hymnss-SBT,/s/ssdl/item/983
1862-Sunday-SBT,/s/ssdl/item/43
1865-Sunday-SBT,/s/ssdl/item/45
1867-Gladti-SBT,/s/ssdl/item/986
1870-Vocali-SBT,/s/ssdl/item/987
1871-Linton-SBT,/s/ssdl/item/988
1871-NewChr-SBT,/s/ssdl/item/989
1873-NewBa2-SBT,/s/ssdl/item/990
1878-Newgos-SBT,/s/ssdl/item/991
1881-Nearer-SBT,/s/ssdl/item/992
1897-Select-SBT,/s/ssdl/item/790
186x-Little-SBT,/s/ssdl/item/994
1865-Newcel-SBT,/s/ssdl/item/995
190x-Callne-SBT,/s/ssdl/item/1016
1894-Hymnss-SBT,/s/ssdl/item/1017
1919-Whenmi-SBT,/s/ssdl/item/1018
1884-Kleine-SBT,/s/ssdl/item/1019
1887-Hymnsn-SBT,/s/ssdl/item/1020
1888-Favori-SBT,/s/ssdl/item/1021
1889-Stouth-SBT,/s/ssdl/item/1022
1891-Choice-SBT,/s/ssdl/item/1023
1891-Hymnsn-SBT,/s/ssdl/item/1024
1892-Manly1-SBT,/s/ssdl/item/1025
1892-Manly2-SBT,/s/ssdl/item/1026
1895-Dawnin-SBT,/s/ssdl/item/1027
1895-Spirit-SBT,/s/ssdl/item/1028
1899-Salvat-SBT,/s/ssdl/item/1029
1900-Church-SBT,/s/ssdl/item/1456
1900-Sacre1-SBT,/s/ssdl/item/1031
1901-Lastin-SBT,/s/ssdl/item/1032
1901-Sunday-SBT,/s/ssdl/item/1206
1902-Sacred-SBT,/s/ssdl/item/1492
1904-Praise-SBT,/s/ssdl/item/1495
1905-Newson-SBT,/s/ssdl/item/1056
1908-Gemsof-SBT,/s/ssdl/item/1057
1908-Progra-SBT,/s/ssdl/item/1058
1909-Melodi-SBT,/s/ssdl/item/1059
1909-Newglo-SBT,/s/ssdl/item/1060
1909-Primit-SBT,/s/ssdl/item/1061
1909-Singet-SBT,/s/ssdl/item/1062
1909-Starof-SBT,/s/ssdl/item/1063
1912-Bestre-SBT,/s/ssdl/item/1064
1913-Emanue-SBT,/s/ssdl/item/1065
1913-Songsa-SBT,/s/ssdl/item/1066
1914-Songso-SBT,/s/ssdl/item/1067
1914-Studen-SBT,/s/ssdl/item/1068
1915-Kingof-SBT,/s/ssdl/item/1069
1915-Redemp-SBT,/s/ssdl/item/1070
1915-Songha-SBT,/s/ssdl/item/1071
1918-Northf-SBT,/s/ssdl/item/1072
1919-Hesju1-SBT,/s/ssdl/item/1073
1919-Hesju2-SBT,/s/ssdl/item/1074
1920-Gospel-SBT,/s/ssdl/item/1789
1923-Silver-SBT,/s/ssdl/item/1096
1924-Ourjoy-SBT,/s/ssdl/item/1097
1925-Hymnso-SBT,/s/ssdl/item/2211
1925-KingJe-SBT,/s/ssdl/item/1099
1925-Singhi-SBT,/s/ssdl/item/1100
1931-Evange-SBT,/s/ssdl/item/1101
1931-Glorio-SBT,/s/ssdl/item/1102
1857-Notesa-SBT,/s/ssdl/item/1103
1888-Temple-SBT,/s/ssdl/item/1104
1900-Newson-SBT,/s/ssdl/item/1105
1900-Sacre2-SBT,/s/ssdl/item/1106
1905-Psalli-SBT,/s/ssdl/item/1107
19xx-Robins-SBT,/s/ssdl/item/1108
1903-Hymnso-SBT,/s/ssdl/item/1109
1908-Reviva-SBT,/s/ssdl/item/1110
1911-Harpof-SBT,/s/ssdl/item/1111
1911-Newson-SBT,/s/ssdl/item/1658
1914-Glorio-SBT,/s/ssdl/item/1113
1916-Gospel-SBT,/s/ssdl/item/1247
1919-Hymnso-SBT,/s/ssdl/item/1115
1919-Majest-SBT,/s/ssdl/item/1136
1929-Souli1-SBT,/s/ssdl/item/1137
1929-Souli2-SBT,/s/ssdl/item/1138
1924-Gospel-SBT,/s/ssdl/item/1139
1924-Gracea-SBT,/s/ssdl/item/1140
1924-Songpr-SBT,/s/ssdl/item/1141
1925-Christ-SBT,/s/ssdl/item/1867
1910-Reviva-SBT,/s/ssdl/item/2362
1873-Amaran-UKY,/s/ssdl/item/1152
1900-Beauti-UKY,/s/ssdl/item/1153
1914-Carmin-UKY,/s/ssdl/item/1154
1871-Songki-UKY,/s/ssdl/item/1155
1874-Hallow-UKY,/s/ssdl/item/1156
1878-Hymna2-UKY,/s/ssdl/item/1157
1879-Hourso-UKY,/s/ssdl/item/1158
1890-Finest-UKY,/s/ssdl/item/1159
1843-Dupuys-UKY,/s/ssdl/item/1160
1850-Hymnsf-UKY,/s/ssdl/item/1161
1851-Christ-UKY,/s/ssdl/item/1324
1858-Christ-UKY,/s/ssdl/item/1163
1866-Christ-UKY,/s/ssdl/item/1164
1872-Collec-UKY,/s/ssdl/item/1165
1872-Gloryc-UKY,/s/ssdl/item/1166
1878-Hymna1-UKY,/s/ssdl/item/1167
1895-Voice2-UKY,/s/ssdl/item/1168
1925-Bookof-UKY,/s/ssdl/item/1169
1853-Shawml-UKY,/s/ssdl/item/1170
1870-NewChr-UKY,/s/ssdl/item/1190
1871-Sparkl-UKY,/s/ssdl/item/1191
1872-Hymnso-UKY,/s/ssdl/item/1192
1886-Carolb-UKY,/s/ssdl/item/1193
1894-Tearsa-UKY,/s/ssdl/item/1194
1897-Tearsa-UKY,/s/ssdl/item/1195
1902-Singin-UKY,/s/ssdl/item/1196
1906-Creamo-UKY,/s/ssdl/item/1197
1909-Briefh-UKY,/s/ssdl/item/1198
1915-Soulst-UKY,/s/ssdl/item/1199
1919-Navyso-UKY,/s/ssdl/item/1200
1921-Waveso-UKY,/s/ssdl/item/1201
1875-Choira-UKY,/s/ssdl/item/1202
1882-Christ-UKY,/s/ssdl/item/1203
1885-Christ-UKY,/s/ssdl/item/1204
1898-Crowni-UKY,/s/ssdl/item/1205
1901-Planta-UKY,/s/ssdl/item/1206
1908-Crowni-UKY-deprecated,/s/ssdl/item/1207
1911-Neweva-UKY,/s/ssdl/item/1208
1917-Nobody-UKY,/s/ssdl/item/1209
1918-Bigqua-UKY,/s/ssdl/item/1230
1918-ChantN-UKY,/s/ssdl/item/1231
1919-Things-UKY,/s/ssdl/item/1232
1924-Fiftye-UKY,/s/ssdl/item/1233
1925-Twelve-UKY,/s/ssdl/item/1234
1926-Dontle-UKY,/s/ssdl/item/1235
192x-Wonder-UKY,/s/ssdl/item/501
1877-Choice-UKY,/s/ssdl/item/1374
1878-Gabrie-UKY,/s/ssdl/item/1238
1881-Crowno-UKY,/s/ssdl/item/1239
1883-Christ-UKY,/s/ssdl/item/167
1892-Founta-UKY,/s/ssdl/item/1241
1895-Christ-UKY,/s/ssdl/item/1242
1907-Fiftyt-UKY,/s/ssdl/item/1243
1908-Crowni-UKY,/s/ssdl/item/1244
1911-Greate-UKY,/s/ssdl/item/1245
1916-Golden-UKY,/s/ssdl/item/1246
1916-Gospel-UKY,/s/ssdl/item/1247
1922-Firstb-UKY,/s/ssdl/item/1248
1873-Hermon-UKY,/s/ssdl/item/1249
1879-Joytow-UKY,/s/ssdl/item/1270
1881-Greatj-UKY,/s/ssdl/item/1271
1882-Hourso-UKY,/s/ssdl/item/1272
1884-Gospel-UKY,/s/ssdl/item/206
1887-Harves-UKY,/s/ssdl/item/1274
1889-Neuekl-UKY,/s/ssdl/item/1275
1890-Evange-UKY,/s/ssdl/item/1276
1892-Garner-UKY,/s/ssdl/item/1277
1894-Himnar-UKY,/s/ssdl/item/1278
1901-Hymnso-UKY,/s/ssdl/item/1279
1903-Joyful-UKY,/s/ssdl/item/1280
1910-Gospel-UKY,/s/ssdl/item/1654
1911-Hymnso-UKY,/s/ssdl/item/1282
1924-Fullgo-UKY,/s/ssdl/item/1283
1859-Pastor-UKY,/s/ssdl/item/1284
1874-Palmer-UKY,/s/ssdl/item/1285
1879-Newcho-UKY,/s/ssdl/item/1286
1880-Sharon-UKY,/s/ssdl/item/1287
1886-Newsta-UKY,/s/ssdl/item/1288
1887-NewChr-UKY,/s/ssdl/item/1289
1891-Perenn-UKY,/s/ssdl/item/1310
1894-Newlif-UKY,/s/ssdl/item/1311
1895-Newtun-UKY,/s/ssdl/item/1312
1899-Notes1-UKY,/s/ssdl/item/1313
1907-NewChr-UKY,/s/ssdl/item/1314
1925-Realiz-UKY,/s/ssdl/item/1315
1853-Prairi-UKY,/s/ssdl/item/1322
1851-Christ-UMI,/s/ssdl/item/1324
1858-Harmon-UMI,/s/ssdl/item/1325
1858-Jubile-UMI,/s/ssdl/item/1326
1861-Soldie-UMI,/s/ssdl/item/1327
1867-Slaves-UMI,/s/ssdl/item/1328
1871-Harmon-UMI,/s/ssdl/item/1329
1872-Brethr-UMI,/s/ssdl/item/1330
1872-Jubile-UMI,/s/ssdl/item/1331
1878-Himnar-UMI,/s/ssdl/item/1332
1878-Keepin-UMI,/s/ssdl/item/1333
1880-Gospel-UMI,/s/ssdl/item/1336
1880-Dontyo-UMI,/s/ssdl/item/1335
1880-Risemy-UMI,/s/ssdl/item/1336
1880-Waitmy-UMI,/s/ssdl/item/1337
1881-Gospel-UMI,/s/ssdl/item/1338
1882-Songso-UMI,/s/ssdl/item/1339
1884-Goodti-UMI,/s/ssdl/item/1340
1884-Select-UMI,/s/ssdl/item/1341
1887-Gospel-UMI,/s/ssdl/item/1342
1894-Spirit-UMI,/s/ssdl/item/1343
1895-Gospel-UMI,/s/ssdl/item/1364
1897-Songso-UMI,/s/ssdl/item/1365
1898-Chorus-UMI,/s/ssdl/item/1366
1850-Southe-EMU,/s/ssdl/item/1370
1853-Americ-EMU,/s/ssdl/item/1371
1872-Palmer-EMU,/s/ssdl/item/1372
1875-Collec-EMU,/s/ssdl/item/1373
1877-Royalf-EMU,/s/ssdl/item/1374
1879-Carmin-EMU,/s/ssdl/item/1375
1884-Beauty-EMU,/s/ssdl/item/1376
1884-Gemsof-EMU,/s/ssdl/item/1377
1884-Jesus2-EMU,/s/ssdl/item/1378
1886-Newli2-EMU,/s/ssdl/item/1379
1887-Battle-EMU,/s/ssdl/item/1380
1887-Dainty-EMU,/s/ssdl/item/1381
1887-Gladev-EMU,/s/ssdl/item/1382
1887-Glorya-EMU,/s/ssdl/item/1383
1887-Harves-EMU,/s/ssdl/item/1384
1887-Loving-EMU,/s/ssdl/item/1385
192x-Worsh1-EMU,/s/ssdl/item/1386
1890-Pearls-EMU,/s/ssdl/item/1387
1890-Anthem-EMU,/s/ssdl/item/795
1892-Gospel-EMU,/s/ssdl/item/296
1892-Songla-EMU,/s/ssdl/item/1410
1893-Hymnst-EMU,/s/ssdl/item/1411
1894-Sunshi-EMU,/s/ssdl/item/1412
1895-Caroli-EMU,/s/ssdl/item/1413
1895-Celest-EMU,/s/ssdl/item/1414
1896-Bellso-EMU,/s/ssdl/item/1415
1896-Bestst-EMU,/s/ssdl/item/1416
1896-Crowni-EMU,/s/ssdl/item/1417
1896-Fillmo-EMU,/s/ssdl/item/1418
1896-Sacred-EMU,/s/ssdl/item/1419
1896-Sunlig-EMU,/s/ssdl/item/1420
1896-Uplift-EMU,/s/ssdl/item/1421
1897-Corona-EMU,/s/ssdl/item/1422
1897-Fillmo-EMU,/s/ssdl/item/1423
1897-Gospe1-EMU,/s/ssdl/item/1424
1897-Gospe2-EMU,/s/ssdl/item/1425
1897-Reviva-EMU,/s/ssdl/item/1426
1897-Songla-EMU,/s/ssdl/item/1427
1897-Songso-EMU,/s/ssdl/item/1428
1899-Gospe1-EMU,/s/ssdl/item/1429
1899-Gospe2-EMU,/s/ssdl/item/1450
1899-Hymnal-EMU,/s/ssdl/item/783
1900-Childr-EMU,/s/ssdl/item/1452
1900-Nation-EMU,/s/ssdl/item/1453
1900-Newhar-EMU,/s/ssdl/item/1454
1900-Ourtha-EMU,/s/ssdl/item/1455
1900-Palace-EMU,/s/ssdl/item/1456
1900-Salvat-EMU,/s/ssdl/item/1457
1900-Songss-EMU,/s/ssdl/item/1458
1900-Vaugha-EMU,/s/ssdl/item/1459
1901-Aggres-EMU,/s/ssdl/item/1460
1901-Eureka-EMU,/s/ssdl/item/2547
1901-Fillm1-EMU,/s/ssdl/item/1462
1901-Fillm2-EMU,/s/ssdl/item/1463
1901-Hackle-EMU,/s/ssdl/item/1464
1901-Kirche-EMU,/s/ssdl/item/1656
1901-Manlyp-EMU,/s/ssdl/item/1466
1901-Newpsa-EMU,/s/ssdl/item/1467
1901-Youngp-EMU,/s/ssdl/item/1468
1902-Crowno-EMU,/s/ssdl/item/1469
1902-Eleven-EMU,/s/ssdl/item/1490
1902-Joyful-EMU,/s/ssdl/item/1491
1902-Living-EMU,/s/ssdl/item/1492
1902-Onwing-EMU,/s/ssdl/item/1493
1904-Gemsno-EMU,/s/ssdl/item/1494
1904-Perfec-EMU,/s/ssdl/item/1495
1904-Temper-EMU,/s/ssdl/item/1496
1905-Hymnso-EMU,/s/ssdl/item/1497
1905-Lobede-EMU,/s/ssdl/item/1498
1905-Reviva-EMU,/s/ssdl/item/1499
1905-Songsf-EMU,/s/ssdl/item/1500
1905-Youngp-EMU,/s/ssdl/item/1501
1906-Golden-EMU,/s/ssdl/item/1502
1906-Gospel-EMU,/s/ssdl/item/1508
1906-Hymna1-EMU,/s/ssdl/item/1504
1906-Hymna2-EMU,/s/ssdl/item/1505
1906-Jesuss-EMU,/s/ssdl/item/1506
1906-Lastin-EMU,/s/ssdl/item/1507
1906-Sevent-EMU,/s/ssdl/item/1508
1907-Bestof-EMU,/s/ssdl/item/1509
1907-Gospel-EMU,/s/ssdl/item/1530
1907-Himnar-EMU,/s/ssdl/item/1531
1907-Hymnso-EMU,/s/ssdl/item/1532
1907-Specia-EMU,/s/ssdl/item/1533
1907-Standa-EMU,/s/ssdl/item/1534
1907-Sunday-EMU,/s/ssdl/item/1530
1908-Chris1-EMU,/s/ssdl/item/1536
1908-Victor-EMU,/s/ssdl/item/1537
1909-Precio-EMU,/s/ssdl/item/1538
1915-Worldw-EMU,/s/ssdl/item/1539
1925-SaintH-EMU,/s/ssdl/item/1540
1925-Songs2-EMU,/s/ssdl/item/1541
1927-Spirit-EMU,/s/ssdl/item/1542
1850-Sacred-EMU,/s/ssdl/item/1543
1851-Songso-EMU,/s/ssdl/item/1544
1854-Outlin-EMU,/s/ssdl/item/1545
1859-Psalms-EMU,/s/ssdl/item/1546
1868-Baptis-EMU,/s/ssdl/item/1547
1889-Easte2-EMU,/s/ssdl/item/1548
1892-Zionsm-EMU,/s/ssdl/item/1549
1894-Choice-EMU,/s/ssdl/item/1570
1900-Manual-EMU,/s/ssdl/item/1571
1901-Electr-EMU,/s/ssdl/item/1572
1901-Popula-EMU,/s/ssdl/item/1573
1901-Standa-EMU,/s/ssdl/item/1574
1902-Crowni-EMU,/s/ssdl/item/1575
1902-Fillmo-EMU,/s/ssdl/item/1576
1902-Tearsa-EMU,/s/ssdl/item/1577
1903-Bellso-EMU,/s/ssdl/item/1578
1903-Echoes-EMU,/s/ssdl/item/1579
1903-Nation-EMU,/s/ssdl/item/1580
1903-Reviva-EMU,/s/ssdl/item/1581
1904-Baptis-EMU,/s/ssdl/item/1582
1904-Glorio-EMU,/s/ssdl/item/1583
1905-Fillmo-EMU,/s/ssdl/item/1584
1905-Gloria-EMU,/s/ssdl/item/1585
1905-Method-EMU,/s/ssdl/item/1586
1905-Salvat-EMU,/s/ssdl/item/1587
1907-Truthi-EMU,/s/ssdl/item/1588
1908-Alexa1-EMU,/s/ssdl/item/1589
1908-Alexa2-EMU,/s/ssdl/item/1610
1908-Chris2-EMU,/s/ssdl/item/1611
1908-Crowni-EMU,/s/ssdl/item/1244
1908-Friend-EMU,/s/ssdl/item/1613
1908-Fullof-EMU,/s/ssdl/item/1614
1908-Hymnsa-EMU,/s/ssdl/item/1615
1908-Joyand-EMU,/s/ssdl/item/1616
1908-Oliver-EMU,/s/ssdl/item/1617
1908-Sbirka-EMU,/s/ssdl/item/1618
1908-Songso-EMU,/s/ssdl/item/1619
1912-Songso-EMU,/s/ssdl/item/668
1908-Songse-EMU,/s/ssdl/item/1621
1909-Christ-EMU,/s/ssdl/item/2005
1909-Method-EMU,/s/ssdl/item/1623
1909-Newhym-EMU,/s/ssdl/item/1624
1909-Servic-EMU,/s/ssdl/item/1625
1909-Tillma-EMU,/s/ssdl/item/1626
1909-Unionh-EMU,/s/ssdl/item/1627
1909-Vaugha-EMU,/s/ssdl/item/1628
1910-Assemb-EMU,/s/ssdl/item/1629
1910-Exulta-EMU,/s/ssdl/item/1650
1910-Missio-EMU,/s/ssdl/item/1651
1910-Reviva-EMU,/s/ssdl/item/1652
1910-Songsf-EMU,/s/ssdl/item/1653
1910-Songst-EMU,/s/ssdl/item/1654
1910-Victor-EMU,/s/ssdl/item/1655
1911-Evange-EMU,/s/ssdl/item/1656
1911-Himnar-EMU,/s/ssdl/item/1657
1911-Newson-EMU,/s/ssdl/item/1658
1910-Psalms-EMU,/s/ssdl/item/1654
1911-Songso-EMU,/s/ssdl/item/1660
1911-Spirit-EMU,/s/ssdl/item/1661
1911-Youngp-EMU,/s/ssdl/item/1662
1912-Charmi-EMU,/s/ssdl/item/1663
1912-Evange-EMU,/s/ssdl/item/1664
1912-Hearth-EMU,/s/ssdl/item/1665
1912-Little-EMU,/s/ssdl/item/1666
1912-Newlyr-EMU,/s/ssdl/item/1667
1912-Sacred-EMU,/s/ssdl/item/1665
1912-Songs1-EMU,/s/ssdl/item/1669
1912-Songs2-EMU,/s/ssdl/item/1690
1912-Songs3-EMU,/s/ssdl/item/1691
1912-Songs4-EMU,/s/ssdl/item/1692
1912-Sunday-EMU,/s/ssdl/item/1665
1913-Loyalt-EMU,/s/ssdl/item/1694
1913-Ourcho-EMU,/s/ssdl/item/1695
1913-Planta-EMU,/s/ssdl/item/1696
1913-Sacred-EMU,/s/ssdl/item/1697
1914-CrownH-EMU,/s/ssdl/item/1698
1914-Downat-EMU,/s/ssdl/item/1699
1914-Hymnso-EMU,/s/ssdl/item/1700
1914-Immanu-EMU,/s/ssdl/item/1701
1914-Newsac-EMU,/s/ssdl/item/1702
1914-Onehun-EMU,/s/ssdl/item/1703
1914-Praise-EMU,/s/ssdl/item/1704
1915-Crowns-EMU,/s/ssdl/item/1705
1915-Gospel-EMU,/s/ssdl/item/1708
1915-Herald-EMU,/s/ssdl/item/507
1915-Praise-EMU,/s/ssdl/item/1708
1915-Select-EMU,/s/ssdl/item/1709
1915-Songs1-EMU,/s/ssdl/item/1730
1915-Songs2-EMU,/s/ssdl/item/1731
1915-Songs3-EMU,/s/ssdl/item/1732
1915-Sparkl-EMU,/s/ssdl/item/1733
1916-Childs-EMU,/s/ssdl/item/1734
1916-Happyg-EMU,/s/ssdl/item/1735
1916-Hispra-EMU,/s/ssdl/item/1736
1916-Montre-EMU,/s/ssdl/item/1737
1916-Newhar-EMU,/s/ssdl/item/1738
1916-Select-EMU,/s/ssdl/item/1739
1916-Songso-EMU,/s/ssdl/item/1740
1916-Treasu-EMU,/s/ssdl/item/1741
1917-Evange-EMU,/s/ssdl/item/1742
1917-Hymnar-EMU,/s/ssdl/item/1743
1917-Lifean-EMU,/s/ssdl/item/1744
1917-Missio-EMU,/s/ssdl/item/1745
1917-Select-EMU,/s/ssdl/item/1746
1917-Songso-EMU,/s/ssdl/item/1747
1917-Treasu-EMU,/s/ssdl/item/1748
1917-Wonder-EMU,/s/ssdl/item/501
1918-Echoes-EMU,/s/ssdl/item/1770
1918-Popula-EMU,/s/ssdl/item/1771
1918-Reviva-EMU,/s/ssdl/item/1772
1918-Rodehe-EMU,/s/ssdl/item/1773
1918-Temple-EMU,/s/ssdl/item/283
1918-Tribut-EMU,/s/ssdl/item/1775
1918-Worldr-EMU,/s/ssdl/item/1776
1919-Founda-EMU,/s/ssdl/item/1777
1919-Hampto-EMU,/s/ssdl/item/1778
1919-Highwa-EMU,/s/ssdl/item/1779
1919-Hymnal-EMU,/s/ssdl/item/1780
1919-Reviva-EMU,/s/ssdl/item/1781
1919-Sacred-EMU,/s/ssdl/item/1780
191x-Canaan-EMU,/s/ssdl/item/1783
191x-Confer-EMU,/s/ssdl/item/1784
191x-Diadem-EMU,/s/ssdl/item/1785
191x-Favori-EMU,/s/ssdl/item/1786
191x-Gospel-EMU,/s/ssdl/item/1788
191x-Reviva-EMU,/s/ssdl/item/1788
1920-Songs1-EMU,/s/ssdl/item/1789
1920-Songs2-EMU,/s/ssdl/item/1810
1921-Church-EMU,/s/ssdl/item/2219
1921-Gospel-EMU,/s/ssdl/item/1812
1921-Greats-EMU,/s/ssdl/item/1813
1921-Kingdo-EMU,/s/ssdl/item/1814
1921-Reviva-EMU,/s/ssdl/item/1815
1921-Songsa-EMU,/s/ssdl/item/1816
1922-Hymnso-EMU,/s/ssdl/item/1817
1922-Junior-EMU,/s/ssdl/item/2159
1922-Marchi-EMU,/s/ssdl/item/1819
1922-Reviva-EMU,/s/ssdl/item/1820
1922-Songso-EMU,/s/ssdl/item/1821
1922-Tellin-EMU,/s/ssdl/item/1822
1922-Victo1-EMU,/s/ssdl/item/1823
1923-Bright-EMU,/s/ssdl/item/1824
1923-Chapel-EMU,/s/ssdl/item/1825
1923-Choice-EMU,/s/ssdl/item/1826
1923-Crownb-EMU,/s/ssdl/item/1827
1923-Evange-EMU,/s/ssdl/item/1828
1923-Gospel-EMU,/s/ssdl/item/1855
1923-Hosann-EMU,/s/ssdl/item/1850
1923-Method-EMU,/s/ssdl/item/1851
1923-Praise-EMU,/s/ssdl/item/1855
1923-Rodehe-EMU,/s/ssdl/item/1853
1923-Search-EMU,/s/ssdl/item/2091
1923-Servic-EMU,/s/ssdl/item/1855
1923-Songso-EMU,/s/ssdl/item/1856
1924-Baptis-EMU,/s/ssdl/item/1857
1924-Bestre-EMU,/s/ssdl/item/1858
1924-Christ-EMU,/s/ssdl/item/1859
1924-Harves-EMU,/s/ssdl/item/1860
1924-Praise-EMU,/s/ssdl/item/1861
1925-Colema-EMU,/s/ssdl/item/1862
1925-Faithi-EMU,/s/ssdl/item/1863
1925-Gloryc-EMU,/s/ssdl/item/1864
1925-Homego-EMU,/s/ssdl/item/1865
1925-Little-EMU,/s/ssdl/item/1866
1925-Sacred-EMU,/s/ssdl/item/1867
1925-Songs1-EMU,/s/ssdl/item/1868
1868-Silver-UKY,/s/ssdl/item/1888
1876-NewHar-UKY,/s/ssdl/item/1889
1879-Shinin-UKY,/s/ssdl/item/1890
1886-Royalp-UKY,/s/ssdl/item/1891
1895-Salvat-UKY,/s/ssdl/item/1892
1896-Praise-UKY,/s/ssdl/item/1893
1896-Reviva-UKY,/s/ssdl/item/1894
1899-Sacred-UKY,/s/ssdl/item/783
1911-Redemp-UKY,/s/ssdl/item/1896
1919-Praise-UKY,/s/ssdl/item/1897
1873-Sunshi-UKY,/s/ssdl/item/1898
1875-Starry-UKY,/s/ssdl/item/1899
1883-Spirit-UKY,/s/ssdl/item/167
1885-Zionso-UKY,/s/ssdl/item/1901
1896-Soulwi-UKY,/s/ssdl/item/1902
1903-Standa-UKY,/s/ssdl/item/1903
1910-Zionme-UKY,/s/ssdl/item/1904
1911-Spirit-UKY,/s/ssdl/item/1661
1912-Songcr-UKY,/s/ssdl/item/1906
1918-Victor-UKY,/s/ssdl/item/125
1923-Songso-UKY,/s/ssdl/item/1928
1895-Voice1-UKY,/s/ssdl/item/1929
1897-Songsf-UKY,/s/ssdl/item/1930
1897-Unionh-UKY,/s/ssdl/item/1931
1901-Youngp-UKY,/s/ssdl/item/1468
1921-Worldw-UKY,/s/ssdl/item/1933
1923-Cokesb-UKY,/s/ssdl/item/1934
1891-Christ-UKY,/s/ssdl/item/1310
1916-Lyricd-EMU,/s/ssdl/item/1963
1903-Musica-EMU,/s/ssdl/item/1964
1851-Chahta-EMU,/s/ssdl/item/1965
1858-Sunday-EMU,/s/ssdl/item/13
1862-Soldie-EMU,/s/ssdl/item/1967
1863-Soldie-EMU,/s/ssdl/item/1968
1864-Sabbat-EMU,/s/ssdl/item/1969
1864-Armyhy-EMU,/s/ssdl/item/1970
1878-Nation-EMU,/s/ssdl/item/1971
1877-Geschi-EMU,/s/ssdl/item/1972
1882-Collec-EMU,/s/ssdl/item/1973
1887-Nation-EMU,/s/ssdl/item/1974
1892-Hampto-EMU,/s/ssdl/item/1975
1895-Poems-EMU,/s/ssdl/item/1976
1898-Africa-EMU,/s/ssdl/item/1977
1899-Hymnbo-EMU,/s/ssdl/item/1978
188x-Songse-EMU,/s/ssdl/item/1979
18xx-Jubile-EMU,/s/ssdl/item/1980
1900-Songso-EMU,/s/ssdl/item/1981
1901-Pearls-EMU,/s/ssdl/item/1982
1905-Negroe-EMU,/s/ssdl/item/2003
1907-Calhou-EMU,/s/ssdl/item/2004
1909-Calhou-EMU,/s/ssdl/item/2005
1909-Religi-EMU,/s/ssdl/item/2006
1910-Burnin-EMU,/s/ssdl/item/2007
1913-Hymnal-EMU,/s/ssdl/item/1695
1914-AfroAm-EMU,/s/ssdl/item/2009
1915-Songso-EMU,/s/ssdl/item/2010
1916-Afterf-EMU,/s/ssdl/item/2011
191x-Praise-EMU,/s/ssdl/item/2012
1921-Univer-EMU,/s/ssdl/item/2013
1923-Nation-EMU,/s/ssdl/item/2014
192x-JRosam-EMU,/s/ssdl/item/2015
1928-Americ-EMU,/s/ssdl/item/2016
19xx-Americ-EMU,/s/ssdl/item/2017
19xx-Himnos-EMU,/s/ssdl/item/2018
xxxx-Keepmy-EMU,/s/ssdl/item/2019
xxxx-Select-EMU,/s/ssdl/item/2020
189X-Songss-EMU,/s/ssdl/item/2021
19xx-Thisbo-EMU,/s/ssdl/item/2022
1906-Newpra-MTS,/s/ssdl/item/2043
1921-Salvat-MTS,/s/ssdl/item/2044
1893-Spirit-MTS,/s/ssdl/item/2045
1897-Riches-MTS,/s/ssdl/item/2352
1910-Tearsa-MTS,/s/ssdl/item/2047
1900-Gemsxx-MTS,/s/ssdl/item/2048
1905-Gleani-MTS,/s/ssdl/item/2049
1923-Cheerf-MTS,/s/ssdl/item/2050
1921-Gospe2-MTS,/s/ssdl/item/2051
1899-Reviva-MTS,/s/ssdl/item/2315
1904-Resurr-MTS,/s/ssdl/item/2053
1881-Gospel-MTS,/s/ssdl/item/1239
1907-Reviva-MTS,/s/ssdl/item/2055
1900-Fillmo-MTS,/s/ssdl/item/2056
1902-Songsf-MTS,/s/ssdl/item/2057
1897-Psalms-MTS,/s/ssdl/item/2058
1899-Gladti-MTS,/s/ssdl/item/2059
1900-Bright-MTS,/s/ssdl/item/2060
1895-Showal-MTS,/s/ssdl/item/2061
1922-Echoes-MTS,/s/ssdl/item/2062
1925-Comple-MTS,/s/ssdl/item/2083
1906-Vaugha-MTS,/s/ssdl/item/2084
1909-Gospel-MTS,/s/ssdl/item/2005
xxxx-Worldf-MTS,/s/ssdl/item/2086
1912-Joyful-MTS,/s/ssdl/item/2087
1919-Tiding-MTS,/s/ssdl/item/2088
1922-Bethle-MTS,/s/ssdl/item/2089
1921-Fromth-MTS,/s/ssdl/item/2090
1905-Search-MTS,/s/ssdl/item/2091
1892-Highwa-MTS,/s/ssdl/item/2092
1891-Childr-MTS,/s/ssdl/item/2093
1906-Oldsto-MTS,/s/ssdl/item/2094
1916-Tiding-MTS,/s/ssdl/item/2095
1900-Gloryc-MTS,/s/ssdl/item/2096
1903-Joyful-MTS,/s/ssdl/item/2097
1900-Sunday-MTS,/s/ssdl/item/1456
1923-Eightn-MTS,/s/ssdl/item/2099
1923-Christ-MTS,/s/ssdl/item/1855
1894-Shiloh-MTS,/s/ssdl/item/2101
1890-Gemsan-MTS,/s/ssdl/item/2102
1923-NewHar-MTS,/s/ssdl/item/2123
1886-Noteso-MTS,/s/ssdl/item/2124
1863-Church-MTS,/s/ssdl/item/1968
1877-Newcas-MTS,/s/ssdl/item/2126
1873-Triump-MTS,/s/ssdl/item/2127
1885-Noteso-MTS,/s/ssdl/item/2129
1892-Glorio-MTS,/s/ssdl/item/2130
1866-Christ-MTS,/s/ssdl/item/1164
1857-Church-MTS,/s/ssdl/item/11
1847-Collec-EMU,/s/ssdl/item/2143
1849-Sacred-EMU,/s/ssdl/item/2144
1855-Collec-EMU,/s/ssdl/item/2145
1859-Collec-EMU,/s/ssdl/item/2146
1860-Baptis-EMU,/s/ssdl/item/2147
1874-Fillmo-EMU,/s/ssdl/item/2148
1882-Sweetf-EMU,/s/ssdl/item/2149
1890-Gladev-EMU,/s/ssdl/item/2150
1891-Pearls-EMU,/s/ssdl/item/2151
1895-Gospel-EMU,/s/ssdl/item/1028
1895-Chris2-EMU,/s/ssdl/item/2153
1896-Classc-EMU,/s/ssdl/item/2154
1899-Oldpla-EMU,/s/ssdl/item/2155
19xx-Gospe1-EMU,/s/ssdl/item/2156
19xx-Gospe2-EMU,/s/ssdl/item/2157
1901-Hymnal-EMU,/s/ssdl/item/1206
1901-Junior-EMU,/s/ssdl/item/2159
1901-Showal-EMU,/s/ssdl/item/2160
1904-Pathwa-EMU,/s/ssdl/item/2161
1909-Songso-EMU,/s/ssdl/item/2181
191x-Hymnsf-EMU,/s/ssdl/item/2182
1910-Sacred-EMU,/s/ssdl/item/1654
1914-Newgos-EMU,/s/ssdl/item/2184
1916-Worshi-EMU,/s/ssdl/item/2185
1922-Victo2-EMU,/s/ssdl/item/2186
1925-Excell-EMU,/s/ssdl/item/2187
192x-Songsf-EMU,/s/ssdl/item/2188
1911-Sacred-EMU,/s/ssdl/item/2189
1852-Psalms-UKY,/s/ssdl/item/2200
1860-Sabbat-UKY,/s/ssdl/item/2201
1860-Select-UKY,/s/ssdl/item/2202
1867-Taboro-UKY,/s/ssdl/item/2203
1874-Gospel-UKY,/s/ssdl/item/83
1880-Popula-UKY,/s/ssdl/item/2205
1889-Starof-UKY,/s/ssdl/item/2206
1889-Voiceo-UKY,/s/ssdl/item/2207
1899-Songso-UKY,/s/ssdl/item/2208
1908-Christ-UKY,/s/ssdl/item/2209
1909-Songso-UKY,/s/ssdl/item/2210
1925-Hymnso-UKY,/s/ssdl/item/2211
1853-Dyersp-UKY,/s/ssdl/item/2212
1860-Sacred-UKY,/s/ssdl/item/2202
1866-Tefilo-UKY,/s/ssdl/item/2261
1905-Twenty-UKY,/s/ssdl/item/2215
1913-Eureka-UKY,/s/ssdl/item/2216
1919-Hampto-UKY,/s/ssdl/item/2217
191x-Americ-UKY,/s/ssdl/item/2218
1921-Elmhur-UKY,/s/ssdl/item/2219
1908-Bethan-MTS,/s/ssdl/item/2240
1909-Breado-MTS,/s/ssdl/item/2241
1910-Kingsp-MTS,/s/ssdl/item/2242
1913-Praise-MTS,/s/ssdl/item/1695
1921-Gospe1-MTS,/s/ssdl/item/2244
1922-Hispra-MTS,/s/ssdl/item/2245
1924-Shinin-MTS,/s/ssdl/item/2246
1925-Blesse-MTS,/s/ssdl/item/2247
1875-Gospel-UMI,/s/ssdl/item/88
1885-Epwort-UMI,/s/ssdl/item/2257
1891-Epwort-UMI,/s/ssdl/item/2258
1863-Soldie-UMI,/s/ssdl/item/2259
1864-Fillmo-UMI,/s/ssdl/item/2260
1866-Tefilo-UMI,/s/ssdl/item/2261
1872-Golden-UMI,/s/ssdl/item/2262
1879-Lieder-UMI,/s/ssdl/item/2263
1866-Singin-UMI,/s/ssdl/item/2264
1854-Nation-UMI,/s/ssdl/item/2265
1878-Gospel-UMI,/s/ssdl/item/1332
1919-Shouty-UMI,/s/ssdl/item/2267
1860-Christ-UMI,/s/ssdl/item/2268
1905-Method-UMI,/s/ssdl/item/2269
1890-Evange-UMI,/s/ssdl/item/1276
1888-Glorio-UMI,/s/ssdl/item/2271
1851-Psalmi-UMI,/s/ssdl/item/2272
1867-Slave1-UMI,/s/ssdl/item/2273
1867-Slave2-UMI,/s/ssdl/item/2274
1873-Joyaco-UMI,/s/ssdl/item/2275
1885-Wondro-UMI,/s/ssdl/item/2296
1890-Noteso-UMI,/s/ssdl/item/2297
1909-Songso-UMI,/s/ssdl/item/2181
1918-Hampto-UMI,/s/ssdl/item/2299
1921-Gospel-UMI,/s/ssdl/item/1812
192X-Americ-UMI,/s/ssdl/item/2301
1854-Hymnsf-UKY,/s/ssdl/item/2308
1854-Southe-UKY,/s/ssdl/item/2309
1871-Israel-UKY,/s/ssdl/item/2310
1883-Gospel-UKY,/s/ssdl/item/167
1886-Workan-UKY,/s/ssdl/item/2312
1892-Living-UKY,/s/ssdl/item/2313
1899-Notes2-UKY,/s/ssdl/item/2314
1899-Reviva-UKY,/s/ssdl/item/2315
1901-Malequ-UKY,/s/ssdl/item/2316
1910-Alexan-UKY,/s/ssdl/item/2317
1829-Chahta-UTL,/s/ssdl/item/2328
1829-Cherok-UTL,/s/ssdl/item/2329
1835-Shorts-UTL,/s/ssdl/item/2330
1835-Triump-UTL,/s/ssdl/item/2331
1854-Cherok-UTL,/s/ssdl/item/2332
1858-Chahta-UTL,/s/ssdl/item/2328
1866-Potewa-UTL,/s/ssdl/item/2334
1888-Cherok-UTL,/s/ssdl/item/2335
1892-Shirai-SBT,/s/ssdl/item/2344
1901-Gospe1-SBT,/s/ssdl/item/2345
1917-Synago-SBT,/s/ssdl/item/2346
1845-Southe-SBT,/s/ssdl/item/2347
1857-Sacred-SBT,/s/ssdl/item/2348
1872-Chocta-SBT,/s/ssdl/item/2349
1885-Wondro-SBT,/s/ssdl/item/2296
1895-Gospel-SBT,/s/ssdl/item/1028
1897-Riches-SBT,/s/ssdl/item/2352
1874-Fillmo-SBT,/s/ssdl/item/2148
1875-Gospel-SBT,/s/ssdl/item/88
1879-Favori-SBT,/s/ssdl/item/2355
1887-Jubile-SBT,/s/ssdl/item/2356
1892-Glorio-SBT,/s/ssdl/item/2357
1897-Gantvo-SBT,/s/ssdl/item/2358
1898-Fillmo-SBT,/s/ssdl/item/363
1901-Gospe2-SBT,/s/ssdl/item/2360
1909-Minist-SBT,/s/ssdl/item/2361
1910-Reviva-SBT,/s/ssdl/item/2362
1922-Praise-SBT,/s/ssdl/item/1823
1925-Harbor-SBT,/s/ssdl/item/2383
1890-Gemsan-SBT,/s/ssdl/item/2386
1850-Rurals-BRU,/s/ssdl/item/2388
1858-Prayer-BRU,/s/ssdl/item/2389
1861-NeuerL-BRU,/s/ssdl/item/2390
1863-Collec-BRU,/s/ssdl/item/2391
1867-Dedica-BRU,/s/ssdl/item/2392
1869-Childs-BRU,/s/ssdl/item/2393
1873-Vocalc-BRU,/s/ssdl/item/2394
1875-Singin-BRU,/s/ssdl/item/2395
1876-Psalte-BRU,/s/ssdl/item/2396
1877-Transl-BRU,/s/ssdl/item/2397
1888-Reviva-BRU,/s/ssdl/item/2398
1891-Melodi-BRU,/s/ssdl/item/2399
1897-Poetic-BRU,/s/ssdl/item/2400
1898-Tedeum-BRU,/s/ssdl/item/2401
18xx-LibbyP-BRU,/s/ssdl/item/2402
1900-Crowni-BRU,/s/ssdl/item/2403
1904-Bestgo-BRU,/s/ssdl/item/2404
1906-Sonsof-BRU,/s/ssdl/item/2405
1911-Hymnfo-BRU,/s/ssdl/item/2406
1913-Mensgo-BRU,/s/ssdl/item/2426
1914-Gladpr-BRU,/s/ssdl/item/2427
1915-Search-BRU,/s/ssdl/item/2091
1916-Hitthe-BRU,/s/ssdl/item/2429
1917-Hymnf1-BRU,/s/ssdl/item/2430
1918-Mother-BRU,/s/ssdl/item/2431
1843-Church-BRU,/s/ssdl/item/1160
1867-Christ-BRU,/s/ssdl/item/2433
1868-Hymnst-BRU,/s/ssdl/item/2434
1872-Voiceo-BRU,/s/ssdl/item/2435
1875-Angels-BRU,/s/ssdl/item/2436
1876-Progra-BRU,/s/ssdl/item/2437
1877-Twelft-BRU,/s/ssdl/item/2438
1880-Jubile-BRU,/s/ssdl/item/2439
1880-Origin-BRU,/s/ssdl/item/2440
1885-Fewmor-BRU,/s/ssdl/item/2441
1888-Masoni-BRU,/s/ssdl/item/2442
1893-Conqu2-BRU,/s/ssdl/item/2443
1894-Bringt-BRU,/s/ssdl/item/2444
1900-Songsf-BRU,/s/ssdl/item/2445
1905-Mymoth-BRU,/s/ssdl/item/2466
1905-Withhe-BRU,/s/ssdl/item/2467
1910-Kingsm-BRU,/s/ssdl/item/2468
1912-Exhor1-BRU,/s/ssdl/item/2469
1914-PilotT-BRU,/s/ssdl/item/2470
1916-Deepri-BRU,/s/ssdl/item/2471
1917-Albumo-BRU,/s/ssdl/item/2472
1918-Childr-BRU,/s/ssdl/item/2473
1919-Dontbe-BRU,/s/ssdl/item/2474
1922-Gospel-BRU,/s/ssdl/item/1822
1861-Soldi2-BRU,/s/ssdl/item/2486
1844-Hymnbo-UKY,/s/ssdl/item/2488
1851-Psalmi-UKY,/s/ssdl/item/2489
1854-Psalmi-UKY,/s/ssdl/item/2490
1854-Singer-UKY,/s/ssdl/item/2491
1865-Christ-UKY,/s/ssdl/item/1163
1867-Psalms-UKY,/s/ssdl/item/2493
1887-Gospel-UKY,/s/ssdl/item/242
1899-Tearsa-UKY,/s/ssdl/item/2495
1908-Bookof-UKY,/s/ssdl/item/2496
1921-Temple-UKY,/s/ssdl/item/2497
185x-Annive-SBT,/s/ssdl/item/2508
1898-Lieder-SBT,/s/ssdl/item/821
1845-Select-EMU,/s/ssdl/item/2512
1873-Vocalt-EMU,/s/ssdl/item/2513
1916-Newson-EMU,/s/ssdl/item/2514
192x-Gospel-EMU,/s/ssdl/item/2515
1849-Virgin-MTS,/s/ssdl/item/2520
1850-Timbre-MTS,/s/ssdl/item/2521
1854-Social-MTS,/s/ssdl/item/2522
1855-Sabbat-MTS,/s/ssdl/item/2523
1856-Congre-MTS,/s/ssdl/item/2524
191x-Reviva-MTS,/s/ssdl/item/2525
1861-Pilgri-MTS,/s/ssdl/item/2532
185x-Theres-MTS,/s/ssdl/item/2534
1924-Gospel-UKY,/s/ssdl/item/2536
1848-Hesper-EMU,/s/ssdl/item/2539
1851-Nakcok-EMU,/s/ssdl/item/2540
1875-Himnos-EMU,/s/ssdl/item/2541
1925-Mellow-EMU,/s/ssdl/item/2542
1925-Temple-EMU,/s/ssdl/item/283
1881-Temper-MTS,/s/ssdl/item/2544
1892-WideAw-MTS,/s/ssdl/item/2545
1898-Aposto-MTS,/s/ssdl/item/2546
1903-Eureka-MTS,/s/ssdl/item/2547
1907-Bealls-MTS,/s/ssdl/item/2548
1908-Silver-MTS,/s/ssdl/item/2549
1870-Prizex-SBT,/s/ssdl/item/2550
1906-SongEv-SBT,/s/ssdl/item/2551
1907-Folks1-SBT,/s/ssdl/item/2552
1907-Folks2-SBT,/s/ssdl/item/2553
1915-Alexan-SBT,/s/ssdl/item/2554
1915-Gospel-SBT,/s/ssdl/item/1708
1857-Primit-UKY,/s/ssdl/item/2556
1876-Polish-UKY,/s/ssdl/item/2557
189x-Hallss-UKY,/s/ssdl/item/2558
1909-Gospel-UKY,/s/ssdl/item/2005
1925-NewSon-UKY,/s/ssdl/item/2580
1859-Oriol1-BRU,/s/ssdl/item/2600
1860-Deutsc-BRU,/s/ssdl/item/2601
1873-Bibles-BRU,/s/ssdl/item/2602
1873-Spirit-BRU,/s/ssdl/item/2394
1879-Corona-BRU,/s/ssdl/item/2604
1881-NoranI-BRU,/s/ssdl/item/2605
1884-Tuskeg-BRU,/s/ssdl/item/2606
1885-Harves-BRU,/s/ssdl/item/2607
1890-Positi-BRU,/s/ssdl/item/2608
1895-Gospel-BRU,/s/ssdl/item/2609
1899-Songsa-BRU,/s/ssdl/item/2610
18xx-Whispe-BRU,/s/ssdl/item/2611
1900-Recita-BRU,/s/ssdl/item/2612
1901-OLordo-BRU,/s/ssdl/item/2613
1903-SweetH-BRU,/s/ssdl/item/2614
1906-Edenec-BRU,/s/ssdl/item/2615
1909-Cherok-BRU,/s/ssdl/item/2616
1909-Sevens-BRU,/s/ssdl/item/2617
1915-Hymnal-BRU,/s/ssdl/item/1730
1916-Diamon-BRU,/s/ssdl/item/2619
1916-MySavi-BRU,/s/ssdl/item/2640
1918-Newvic-BRU,/s/ssdl/item/2641
1923-UnionH-BRU,/s/ssdl/item/2642
1890-Singer-EMU,/s/ssdl/item/1388
1859-Narrat-UMI,/s/ssdl/item/3324
1891-Otterb-UMI,/s/ssdl/item/3325
1882-Songsf-UMI,/s/ssdl/item/3326
1879-Gospel-UMI,/s/ssdl/item/2263
1877-Grandc-UMI,/s/ssdl/item/3328
